executed,1
searchable,2
show,2
encrypted,2
over,1
random,1
dynamic,6
results,1
competitive,1
pseudorandom,4
four,1
not,1
experiments,1
useful,1
data,1
its,1
previous,3
finally,1
based,1
also,4
cousins,1
to,11
only,2
other,1
prps,4
under,1
main,1
flgure,1
parallelizable,1
then,2
crucial,1
sense,1
widely,1
cryptography,1
evaluate,2
introduce,1
define,1
cannot,1
every,2
they,1
sse,4
moreover,1
bigger,1
naturally,1
inversion,1
level,1
server,2
contexts,1
investigate,1
paper,2
protocols,2
amd’s,1
each,1
accompanied,1
security,2
where,3
constraints,2
subset,2
the,29
domain,2
schemes,5
significantly,1
some,1
used,4
achieves,2
second,1
full,1
static,1
are,3
query,1
our,6
indistinguishability,1
leakage,1
best,1
even,1
puncturing,1
for,7
leak,2
bill,1
wikipedia,1
both,2
symmetric,2
replacing,1
conceptual,1
new,1
newly,1
supports,2
preserved,1
deletions,2
be,5
we,8
provide,1
any,1
do,1
million,1
quite,1
notably,1
key,2
by,5
injective,1
chapter,1
on,10
search,6
enables,1
central,1
virtualization,1
applications,1
of,14
allows,1
s,2
100000,1
circuit,1
prfs,6
definition,1
or,1
block,3
first,1
ipf,7
secure,3
point,1
image,1
private,2
one,4
singlekey,1
because,1
directly,1
impossible,1
tools,1
rely,1
takes,1
privacy,7
encryption,3
invert,1
support,1
two,1
generate,1
constrain,1
secret,1
way,1
basic,1
forward,5
utilizing,1
scheme,5
abstract,2
more,1
files,4
a,15
permutations,2
that,7
becomes,1
offered,1
about,2
but,1
construction,2
removed,1
with,3
than,1
present,1
especially,1
extend,1
ciphers,3
this,3
work,1
harder,1
flt,1
will,1
don’t,1
while,1
classes,1
those,1
can,6
many,1
design,2
problem,1
providing,1
proof,1
and,16
function,1
obfuscation,1
prf,5
leaked,1
io,1
give,1
is,7
preserving,1
sev,1
an,5
outperforms,1
as,1
enable,1
properties,1
at,1
file,3
in,10
constrained,7
ie,1
linked,1
sharedkey,1
information,3
functions,1
constructions,2
thereby,1
efficient,1
holds,1
when,1
archive,1
how,1
client,1
functionality,1
which,2
performance,1
outsourced,2
added,2
users,2
multiclient,1
keys,2
flxed,1
most,1
user,1
synchronization,1
queries,4
revealed,1
pages,1
recent,1
searches,2
insertions,2
invertible,1
algorithm,1
blocklength,1
starting,1
focuses,1
analysis,1
their,4
perform,3
without,1
so,1
oracle,1
model,3
backward,1
requires,1
notion,2
