,58
fawn,16
brownandgreen,0
nunnery,3
Dago,4
sowell,0
halfstifled,0
woods,46
clotted,1
spiders,2
hanging,46
woody,12
comically,6
dayuntil,0
disobeying,5
ofHamlet,0
canes,3
LAST,11
chatter,30
clombe,1
Journey,7
hoarsevoiced,0
Western,35
woodW,0
Gravesend,1
monthisnt,0
Retreat,5
Successor,1
legshow,0
wholeespecially,0
Exchangedto,0
Blade,1
grenadiers,2
pigment,3
Hunsrushed,0
horsemackerel,0
candidatesof,0
fullblooded,0
bringing,42
Corporaxcloth,0
wooded,28
grueling,5
wooden,35
newspapersand,0
ambushing,3
cressed,0
wayfarerof,0
Atlantean,1
shows,28
immunities,4
polygala,1
Pinkerton,1
dishonourso,0
Goilhead,0
gaskets,1
Strewing,1
1841Wordsworth,0
Shocked,1
270,6
271,2
272,1
273,4
274,2
275,5
276,2
277,3
consenting,6
Honorable,4
tobaccohills,0
snuggled,3
inanimate,8
Americanyou,0
Papagos,1
errors,30
cowardthat,0
onehem,0
sprucespeared,0
Hamilton,13
designing,7
numeral,3
pawed,12
asleepin,0
BIRD,2
Billingsgate,1
Happening,4
passingnofalling,0
LevensBridge,0
sunbeams,5
preachyou,0
Orderly,1
resentmentall,0
boatmenall,0
Heinrichs,0
21617,0
soulin,0
gobut,0
kids,18
uplifting,11
ofAllie,0
readdo,0
deferring,3
controversy,10
flopover,0
kida,0
foulfly,0
raisedthere,0
knottylooking,0
importancenot,0
CrossII,0
byebye,0
topography,6
projection,16
sermonI,0
overtasked,2
Harvey,6
Disloyal,1
Revolver,2
excuse,42
garter,4
stern,47
Detector,1
faultfinder,0
Frendys,1
frosty,17
insecurity,1
dno,4
vicegerent,1
prospector,11
definiteness,1
Penitential,1
mystic,24
reasserting,1
caned,2
sermons,8
ascoose,0
populations,3
Penmaenmawr,1
tailoress,1
Essarts,1
weresomething,0
intimacywhy,0
Cowpuncher,1
contributethe,0
firstlike,0
blustering,9
listenin,46
intake,7
morally,5
irrigationand,0
looksbad,0
ofto,0
Euro,25
expressively,4
wand,49
wane,21
itjerking,0
virtu,40
disparagement,2
facade,7
Spotswood,1
want,53
Oberon,1
hitchingrail,0
rightone,0
fatheryour,0
travel,52
shirked,12
copious,6
bewuss,0
Pantingly,1
shunning,3
heretomorrow,0
itnot,0
gazedand,0
peaceThe,0
shirker,2
selfesteem,0
Correspondent,1
uselessness,14
nothingjust,0
Feelers,1
assimilated,12
HEAL,1
dyinhappy,0
Dialogue,1
HEAH,2
dinosaurs,2
neglectoccasionally,0
Fogg,2
HEAP,1
Hurriedly,12
uplifters,1
Alack,1
Tractate,1
lighthaired,0
Orleansamongst,0
Thurston,5
vaquerosthey,0
sociologist,3
Cottagestops,0
mesalike,0
menll,0
disengaging,2
Even,50
snugly,7
seeshe,0
priest64,0
welcomed,35
Blackstone,6
stoicism,8
Donnington,2
Joshuaor,0
livesremains,0
backings,1
Robertson,3
He’d,1
welcomes,3
AMBER,2
Waless,0
His,52
Hit,22
welcomeI,0
fit,51
screaming,21
fix,49
Admirers,1
Smiths,2
Fames,1
Montague,1
Vaguely,5
rehoused,1
fif,46
fig,50
hardtrodden,0
fie,54
reentered,1
truants,0
fin,55
Him,33
wellhidden,0
sakefellers,0
Pursuedand,0
hallwayDont,0
fatherHim,0
foolin,19
exactlymoral,0
vouchers,4
wasshewal,0
effects,32
HUNTLY,1
shootingscrapes,0
riflerange,0
spokenmy,0
ebbtide,0
SADDLE,2
whacking,4
crosscome,0
troublous,4
giuste,1
clotheshot,0
Combine,1
uninfluenced,3
citiesthese,0
trenchesthe,0
lawof,0
husbanda,0
parasites,11
OCTOBER,2
Sack,3
MacNeffs,0
novices,2
Crowds,2
ifanything,0
buttercups,1
toleration,1
XXXX,1
lifeNature,0
redshaded,0
XXXV,4
plateward,2
saillockers,0
fishingboat,0
golet,0
cowboysand,0
crotch,4
descanted,2
nightdress,1
abbots,1
Dorothys,0
JoanRandlewatch,0
underfoot,2
retaliations,2
pumpkins,3
Ego,1
Chippewayan,1
Yetwhat,0
estimate,39
HeavensThou,0
laburnum,1
dustshields,0
silent,50
husbands,16
chiari,1
assumethat,0
disturber,6
servedto,0
SIGNED,1
apathythat,0
disturbed,41
portmanteau,1
Facts,2
elsewhereto,0
MUSTANG,3
fellowKentuckians,0
linesfirst,0
Levites,1
popularise,1
lightened,37
possibleperhaps,0
hushand,0
heartbracing,0
rockso,0
wayoff,0
oldA,0
Nerves,1
oldI,0
YU,1
goldengreen,0
LANG,2
Exeunt,1
LANE,3
LAND,15
renovated,2
Loath,1
PictureED,0
metake,0
Insall,1
olda,5
needed,46
Burro,6
master,47
understan,51
addicteda,0
suhreckon,0
involvedED,0
groats,0
specters,9
chieftains,7
rewards,9
slingin,7
youinstead,0
mutilated,8
DOWDEN,1
Stirrups,1
UNATTAINABLE,1
Daddy,9
heftiest,1
positively,31
Worryin,1
old3,0
old9,0
tois,5
feelins,0
exclaimed,42
friend,54
silky,7
feeling,49
SPEED,1
Hoffers,0
knewthey,0
frogthe,0
larder,5
Chicago,17
parietis,1
desertdoomed,0
Recruiting,1
278,1
brawny,17
titlesa,0
Yesdear,0
evangels,1
affairs,37
Them,24
Thel,3
wholesome,24
decisionyou,0
Thee,9
Stroke,1
Myron,1
wheremid,0
circumambient,1
Roscommon,1
affaira,0
brierroot,0
They,53
mickle,1
Blandll,0
Thet,19
Dornmissing,0
appertain,5
shipments,1
Chaldean,1
outlawsand,0
diminishing,11
saildotted,0
encomium,8
populareven,0
noisethe,0
reverence,32
toin,6
dAlene,0
doingits,0
measuressome,0
Llanercort,1
Sabbathkeeping,0
kiyi,0
nettle,20
threewho,0
tech,19
fugitives,11
The3,0
purged,4
marryyour,0
Brandished,1
saying,47
cooking,26
placeway,0
hounder,1
formsgunsbullets,0
tempter,1
padded,16
slopesthe,0
sayins,0
Gunnison,1
tempted,38
BeaumontWhen,0
justifiedagainst,0
hounded,8
mugs,1
apace,15
franklyI,0
clicked,12
flightTis,0
toobut,0
Nismes,1
statehouse,0
everywhereand,0
pausedhe,0
Tearing,2
himandand,0
plate,42
venez,1
confounded86,0
outfielders,2
1806Published,0
himwhen,0
clumsiness,3
gennelman,2
altogether,45
rugged,40
highprincipled,0
givest,3
happenedask,0
fishingrods,0
droning,10
Senators,9
blackfaced,0
nicely,8
admirin,33
Andover,1
patch,45
yearpealing,0
Dances,2
uponyourself,0
youtaking,0
Jabe,2
drhopped,1
precluding,1
describedI,0
heirloom,4
Welltell,0
pinon,3
schoolwhich,0
possibilitiesmay,0
Anderson,5
neversatisfied,0
onetwenty,0
humoredly,3
wreathèd,1
advisedly,4
lots,43
Nimmo,1
menoww,0
Rock,29
motionan,0
xvi,5
articlessome,0
tidewaters,0
loth,51
shootingwhy,0
ire,56
abyde,1
requisites,5
discipline,19
natura,49
ridersSilvermane,0
extend,43
nature,52
unconsciouslyDitmars,0
Senatorship,2
lapping,31
Utahto,0
basswood,3
weepingto,0
extent,35
organdies,1
tendons,1
valleysso,0
grizzlyon,0
Leffingwell,1
lookit,0
ravenously,4
Cockles,0
natureW,0
Handmaid,1
lookin,50
Godgiven,0
Pebble,2
fearlessly,9
ErGrant,0
foreclosing,1
Renounce,1
Inconstancy,1
gopher,2
wearying,4
unhealed,6
fondled,4
verifying,1
bucketplanks,0
deferrd,0
humming,23
buckskincolored,0
Footnotes,3
Instantly,23
SATURDAY,1
Montagne,1
underdone,2
Pizarros,0
insatiably,1
faithsomething,0
triviality,4
zwardfis,1
Lethe,2
fro,54
prisonbelongs,0
communicants,1
puffup,0
much,50
firsthes,0
Closely,1
purpleblue,0
fry,14
hitchrope,0
Cynthyfor,0
Cals,0
beautifullike,0
spit,52
poolsformed,0
barque,3
twinkled,24
Perturbed,1
speedin,18
ponderings,1
Donovan,1
sharplike,1
doubts,32
spik,23
donetis,0
spin,43
skilfully,9
wildcat,18
Lochinvar,3
proprietys,0
administrative,2
roundthets,0
professionally,2
brainstorm,0
misconstrued,1
droppin,36
Reenter,0
Yesyesbut,0
youAlliehere,0
Pikes,5
prostrate,30
unbusinesslike,1
Crusaders,2
cupful,2
canoeing,4
NEALE,1
Innumerable,7
anger,53
5056,0
seeAlliea,0
preachin,15
memorial,15
memoriam,2
centrehermit,0
honk,3
democracies,4
Reyburn,1
slightness,1
itill,1
visitations,5
wallswe,0
gutshed,0
fireweed,1
survivesometimes,0
Carondelets,0
Married,7
Maybe,33
Methodists,3
torpedoes,1
kiddie,1
Pho,9
Actuellement,1
tomorrowyes,0
ALPS,2
answeredfor,0
furlough,2
cavemen,2
peremptory,6
Stearn,1
academic,5
stillness,37
lonelier,6
Driver,1
oftenor,0
Table,10
BONEFISHING,1
corporate,8
propertyand,0
todaywell,0
benignity,6
bellow,33
Theyll,0
absurdities,1
appropriately,7
58Ed,0
Laureate,2
Unobtrusive,1
brutalto,0
lasse,39
errorsValiant,0
trembledyour,0
lasso,21
endue,7
midDecember,0
Chalons,2
ham,53
duffer,2
hab,53
Alliesin,0
had,54
advancement,10
haf,43
Mohammedanism,1
Valleywhen,0
hay,32
HUNMANB,w,41
countrywherever,0
favorablea,0
listend,0
TOUSSAINT,2
Chineagoping,0
hackamorean,0
Bijah,2
lovemakingon,0
Squareof,0
killedand,0
mewahnt,0
listens,9
bibliographical,1
Calvinists,2
esalti,1
Middlevillewhere,0
mustsay,0
feelshes,0
thanking,9
185The,0
Lawrenceor,0
Significant,4
Frenchies,2
extensions,1
Mebee,1
MUERTE,1
Beauclerk,1
meddler,4
meddles,2
sightwe,0
elseshe,0
convincingly,1
meddled,4
Oughtnt,0
willnot,0
therewaiting,0
venirti,1
heliotrope,5
DarenNoNo,0
pridem,1
goldandpurple,0
halfsize,0
inhabiting,1
strainings,1
forebears,6
skirmish,4
travellingbags,0
LIE,11
Attention,5
slaveshould,0
LII,4
ends86,0
professors,8
WATSON,1
Kingstons,0
quarrelled,9
tooand,0
stampeding,6
speculationhad,0
Cromwell,7
pieds,1
looker,16
dUrbino,0
jig,11
overlord,2
jib,3
infirmities,7
gonelike,0
illae,1
wayworse,0
Benedictines,1
Morgenzelt,1
highbacked,0
pianohis,0
Pad,5
Veil,2
Hiding,2
modestly,17
wordslimitless,0
DOMINI,1
Popularity,3
bashful,12
inconsequence,1
sorter,1
consolidationdont,0
lookbut,0
deadI,0
overpowering,21
Gordon,9
unsusceptible,2
establishof,0
dida,10
appreciatively,4
hickory,7
manJethro,0
pealing,37
Yellow,12
fancytopped,0
stolze,1
LX,3
instability,2
deada,0
quarter,45
seldom,45
Counterfeit,2
Küsnacht,1
twines,2
WarrenJonas,0
bursting,39
irremediably,1
growths,12
bowlegged,1
remembrance,35
infant’s,1
irremediable,1
entering,36
Coringtons,0
Muerte,1
presaged,15
Deborah,2
hourto,0
Michigan,2
endsthe,0
seriously,38
subtile,2
gladius,1
haltered,8
MEETS,1
incentives,0
anoon,1
halfextinguished,0
inwardly,25
crazier,4
grandma,1
dissonant,1
workmanship,4
Recesses,2
twistingtrunked,0
1860Think,0
phronein,1
wrong,49
quibble,5
SLOPES,1
draggin,36
cabriolets,1
olivecoloured,0
langour,2
askedmight,0
spokea,0
spoken,44
Castlehill,0
throbbingan,0
tableaux,3
Fates,3
nobilityGermanywith,0
fairylike,1
Waterrising,0
spokes,8
periodical,12
joysof,0
PORTRAIT,3
spellThe,0
didpresently,0
affords,6
goodhumoured,0
brother89,0
unsummoned,2
Monday,20
skysinking,0
Mounted,4
Stands,3
unmarried,12
lingering,28
corporationpolitical,0
transitionshe,0
whitewash,12
surges,7
Drowsily,2
snatch,34
unfailingly,1
Sillistons,0
absorbs,1
surged,29
History,14
Vanes,2
crossroads,0
Howling,1
nevertook,0
Wellhe,0
Vanea,0
bellowin,15
wandering,43
shakeup,0
Restorer,1
Waring,3
sumptuous,17
turned,52
jewels,15
Field,21
sweetsmelling,0
uninterrupted,9
Themselves,2
borough,10
diplomatist,1
Dollys,0
pimply,1
fashionable,15
Vercingetorix,1
Tyran,6
Juvenal,2
Forester,5
fashionably,1
Wont,0
Shock,6
arewere,0
hydrahead,0
opposite,41
discerning,13
Sycamore,4
sweetheartsYou,0
heirloomthough,0
another’s,1
Depository,1
commodores,0
grateful,42
ParkI,0
yetthere,0
returnshis,0
vinetaque,1
minutelyas,0
Ireckon,0
Paymaster,1
WORDSWORTHyearly,0
touchy,7
sideshow,0
truewhoever,0
Instances,2
rosygold,0
touchd,0
obsidian,2
youupset,0
havenobody,0
Substitute,2
unmistakable,30
peoplenot,0
leadersyou,0
imagines,9
friction,6
Competitions,0
Cf,1
inconsistent,9
heeding,18
Enjoys,2
imagined,43
possiblesee,0
themfights,0
reconciling,2
Thrilled,1
cathedra,12
transact,16
overeagerness,0
coaxing,11
sprucetree,0
thatAh,0
Iobeyed,0
concurrence,2
Imjest,0
disencumbering,1
rejoiced,22
Middleville,1
arbours,6
revolutionized,1
Romneys,1
balconies,3
welcomea,0
skiffs,2
rejoices,6
Knotts,0
peut,2
springMILTON,0
balconied,3
himgo,0
timeyou,0
recurret,1
beforemystic,0
Unaccountable,1
keenly,36
pointedmaking,0
bloodwet,0
knownpeople,0
recurred,16
carrion,4
whaleman,1
recoiling,3
YES,5
tike,1
youcall,0
halfabsence,0
thenit,0
enthralled,7
noisier,1
moroccocovered,0
attenuated,2
audaciously,7
Figgered,1
Madeline,1
Borgias,2
clothesgave,0
presentit,0
bodiless,1
moone,3
830,4
humorists,1
embryos,1
834,2
835,5
onlyYOU,0
avails,6
sprucest,2
Mortally,1
Wisdom,11
wests,0
flourishnor,0
civilizationthe,0
moons,17
satiety,1
playhouse,2
stannin,1
moony,4
fir,55
Wondered,1
fewand,0
WAYisnt,0
238Ed,0
Harbor,4
aversion,12
Artillarie,1
mistakenit,0
seawind,0
menacing,25
wickedly,8
Cosmos,1
wolfbay,0
Brasenose,3
steeltrap,0
redcomplexioned,0
majestically,14
penitently,2
BERNARD,1
thatMarse,0
Grenfells,1
throwingoff,0
28ED,0
millionaire,9
flipped,4
Snowll,0
paring,37
trotz,1
raggedness,1
gridiron,1
allowance,15
slakethey,0
Marchmay,0
gaiety,15
Fresnos,0
Shouldering,1
Sprinkler,1
wellsanded,0
Phidias,1
SockburnontheTees,0
sergeantdusty,0
ABRANTES,1
west,49
favourhe,0
collided,3
cavernas,1
guineapiece,0
motives,26
columbineor,0
Glimpses,2
BURNS,3
21516,0
outcrytransitory,0
presenceyou,0
readings,5
FIELD,5
tightened,24
differencesin,0
abject,22
extant,5
skypiercing,0
Prompted,1
SHERMAN,1
pretence,13
knownthe,0
iver,54
Santone,1
corporaxcloth,0
Size,1
selfconvicting,0
mutineers,2
tegitur,1
governessMiss,0
ProtectorED,0
residenter,1
Deathwindfoolednotforlong,0
Admiral,6
schoolcourteous,0
underhanda,0
twentyfourridin,0
himthousands,0
verified,15
nuptials,1
longprojected,0
senseis,0
reanimate,1
senseit,0
unrhymed,1
Blood,29
pockmarks,0
visually,2
assigns,2
Map,7
tolaw,0
Clear,20
myselfwhen,0
XVI,31
miraclein,0
Anywhere,2
advertisement,13
Terentius,1
Temper,6
yieldif,0
Mat,29
suasion,24
teepee,3
bowlJosiah,0
Manor,4
Butif,0
Advices,2
peculiarities,6
roundtill,0
coteries,1
concentred,1
EGLANTINE,2
Butis,0
persistently,17
Montes,3
Menhaden,1
being,52
litterateur,1
NAI,1
NAS,2
forewarned,5
beins,0
girlsof,0
carpetbag,1
grounded,7
excuses,21
characterization,4
plunderers,1
Mac,23
plumed,8
grounder,2
fenny,1
soninlaw,0
glutted,2
noisewould,0
plumes,12
Benjys,0
Crane,8
Bellloundshell,0
muvver,1
Dalemain,1
unerring,24
rompd,0
rejoin,26
decomposed,1
sums,11
DRUMMAJOR,0
greasewoodcovered,0
romps,1
shylychildren,0
traffic,16
preference,18
Mah,5
sensational,7
Rifles,3
bed25,0
MDCCCCI,1
superiority,14
Warming,1
lassothe,0
obstruct,32
Muzzle,1
seating,11
whitern,0
Zacynthusphilosophic,0
merather,0
1849one,0
seenan,0
Holter,1
Expressed,1
Brighter,2
tumbrel,1
Obedient,4
pervading,9
Strongabodes,0
meaboot,0
Vigee,1
gunfighter,4
Pharaoh,6
raisinpicker,0
Poinsetta,1
whalekilling,0
Effort,1
transmutation,2
onesthese,0
averse,33
companionsinarms,0
beliefthat,0
Stewartwhy,0
disparaging,8
windfalls,7
Gaul,5
luxurious,24
Knows,2
exasperating,15
Gertrudes,0
Revolution,21
KCB,0
betement,1
menacingly,8
revolutionists,4
newsboy,4
sicksick,0
prelusive,1
houraimlessly,0
Dunmails,0
frights,1
rumpus,2
individualize,5
sensitively,4
believeall,0
sleety,4
perturbed,19
unpractised,3
antidote,6
tangoed,1
revivified,1
cowhide,7
reproductive,1
lively,34
tenders,3
1874ED,0
pivot,15
buskined,1
gnashing,1
Abode,5
Spoiledhell,0
wayshe,0
gleam,47
glean,11
Peninsula,1
powernow,0
SUTCLIFFE,1
Calder,2
harpsichord,1
beenhis,0
sealed,25
outfront,0
swordHer,0
Thenmy,0
standpatter,0
bubble,17
Blinky,1
articleIve,0
yearned,24
onaccustomed,1
spiritualmindedness,0
wits,36
Fitter,2
Blinks,0
ButIll,0
hossstealin,0
SWAIN,1
Dutys,0
abused,13
Tiburon,1
rage,51
propheciesperhaps,0
rainedfirst,0
lastnamed,0
rags,32
Wyndermere,2
dirty,35
abuses,1
ADDITIONS,1
nationShe,0
trips,35
touchstone,1
patois,2
rememberyou,0
Dastards,1
mundi,2
watchet,1
allat,8
POLITICAL,1
Subsided,1
watches,17
sweetheartyour,0
ensuing,23
ASPECT,1
formulation,1
watched,42
tremble,42
huntand,0
slobber,2
cream,43
Ladd,2
Dalrymples,0
sympathetically,9
unwelcomed,1
1445,0
unparalleled,8
Lads,1
Bunyan,2
overparticular,0
PETER,3
Lady,16
Gracious,6
RICKS,1
WhitakerOn,0
Brientz,1
BARRISTER,1
goldenthe,0
lankylegged,0
waving,40
lessincreasingly,0
sheepishly,8
Durch,2
brotherhood,12
morwe,1
fondlyanxious,0
Slipst,0
tricky,7
lavathereyoull,0
tricks,28
maliciously,3
selfsupported,0
cupidity,3
PRIEST,1
initiating,2
superiour,1
tricka,0
smutfree,0
legislatures,4
climband,0
indiscretion,7
curate,27
shaverhed,0
Fatherless,1
caused,41
beware,9
Cornelyss,0
attestations,1
symptomaticif,0
PERKINS,1
causes,24
causeI,0
32932,0
32933,0
riots,13
payhaving,0
wheatsheaf,0
adapt,25
minutesfive,0
Rustlin,7
Nooneelse,0
wayfarers,3
disapprovers,1
floated,39
Conversation,9
burgher,3
capotes,1
Malartie,1
matchthe,0
BEAUTIFUL,3
Wilkes,2
Grindelwald,2
sans,12
nor5,0
dayor,0
Hutterwhatd,0
youfor,0
Embroidered,1
sang,45
sand,53
sane,34
Kubla,2
lifelove,0
sana,4
sano,1
senselessly,1
dayof,0
sank,43
boardingand,0
abbreviated,1
199,3
198,3
195,5
194,3
197,4
196,4
191,18
190,12
193,3
192,11
ownerEd,0
Thrice,11
has2,0
has3,0
crosswalks,0
denunciations,4
leis,42
frostcoated,0
prevailed,29
greenness,1
Ogilvy,1
savedhad,0
wishwhat,0
hewing,18
earththe,0
dwells,8
Aelina,1
3745,0
hash,3
obtrudes,1
hase,49
gratulatest,1
republished,4
portrays,1
98100,0
daunted,21
obtruded,3
beganand,0
Hirt,1
diedye,0
hast,53
clothfor,0
automobileless,0
Entrusted,1
Spences,0
Spencer,5
Lisell,0
illhumours,0
unswervable,2
helpa,1
remarkedan,0
Blessings,5
Mackinaws,1
vacantmindedness,0
wheatraiser,0
moulds,6
wonderment,4
depart,50
reclaimed,7
familyIt,0
Hereditary,2
Difficulties,1
Whodid,0
armsweatherburned,0
cynics,2
threehundredandtwentyeightpound,0
Dice,1
Payne,1
TRAINING,2
Crash,10
there189,0
mort,50
prejudging,1
morn,51
fragrance,31
soil,43
Bluds,1
Provence,1
FRIEND,12
more,55
Burita,1
rearrange,9
initiated,7
pointedly,2
company,50
corrected,16
phlegmatically,1
kisstheyve,0
lameness,7
GodI,0
lawtheir,0
Statist,3
SWEARS,1
hyarquick,0
togetherstrong,0
stampings,1
leary,6
Towerlike,0
Gods,8
unversed,1
installing,4
knocker,7
qualificationthe,0
learn,53
knocked,40
embrace,37
grope,25
Blackcomb,1
scramble,22
purplesaged,0
sheepherding,0
civilizations,1
spiller,5
meaner,8
mehe,0
hosscomin,0
clotheslines,0
wonderfulest,1
estimationso,0
FranceI,0
Grits,1
festivalwhen,0
prostration,4
mehr,2
Glasgow,3
FranceC,0
Laramies,0
huge,48
peacefulfriendly,0
huga,1
sensebut,0
Resignation,4
unspeaking,1
dismissed,25
Frances,3
ratherpresumptuous,0
dotard,3
hugs,3
civilizationI,0
Moncaupie,1
Gower,2
redskinned,0
Jimback,0
thickened,15
disgraced,18
excellencenever,0
horseout,0
agitating,5
longbarrelled,0
bushel,8
disgraces,2
malevolent,1
quickpanting,0
knolltop,0
resemble,43
twisting,25
Neri,1
wetwhy,0
knewall,0
itright,0
alongwal,0
BACONF,0
everlastingly,14
Wytheburn,3
staggerin,28
Liebeston,1
peppy,1
princedoms,1
installed,10
paper,44
weaknessthis,0
schoolhouse,5
trueand,0
cheerfulness,21
saucy,10
bendin,41
tantalizingly,3
criedcried,0
Athwart,1
Fisheries,1
ARTHUR,2
givers,4
rueing,2
Brussels,3
sauce,11
describedas,0
colleague,10
clefts,14
fivetoed,0
Traveller,10
courseI,0
deliberating,4
reciprocally,2
abandond,0
lifetill,0
VIRI,1
idols,2
gatheringwhat,0
barefaced,2
walkeda,0
cameIm,0
füllt,1
Howardpresident,0
wellhad,0
fatalism,2
halfhidden,0
autocracy,3
councilroom,0
prejudicedfor,0
Authority,8
talksuch,0
courser,3
courses,18
BOOKS,5
Albukerwhats,0
Oswald,2
shocking,15
leadcolored,0
chipping,2
Curled,1
begged,34
hostlers,1
campingplaces,0
feller,25
treasonably,1
treasonable,4
12In,0
Lowest,3
4045,0
lipstick,0
4043,0
prickling,8
scoops,1
gunan,0
herRuss,0
philosophyof,0
research,7
determinedcertain,0
commandin,28
Report,8
Hawtreys,0
Outlines,1
partialityD,0
Jewett,1
effata,1
Flecks,1
Stewartll,0
Steeles,0
bedlam,10
Nina,1
citizenof,0
Shepp,2
Nine,21
comprendre,1
appreciatethat,0
Buell,1
Spares,1
jocoseness,2
sacrees,1
crowdmost,0
Panplease,0
porpoise,7
strangeshe,0
ferrys,0
precautionary,1
fastdamn,0
Remains,3
Shadd,1
preservation,22
RECLUSESeveral,0
Sherwins,1
solitariness,1
Remaind,0
amso,11
peaceable,10
stalliona,0
purplegolden,0
Started,1
swipe,2
Cinnamons,1
cleanfaced,0
excitable,5
Giraffe,1
saint,27
grossness,2
essays,6
deferentially,7
peaceably,8
tenderfoot,11
ainsi,4
worriedyouve,0
Bugs,1
cheekbones,1
longpetaled,0
lookthet,0
stifle,28
Goshocking,1
3rdI,0
Hogg,2
dayjust,0
incomprehensiblethat,0
getaway,0
Altheres,0
Hogs,1
dismantling,1
Shiloh,1
tobut,0
massacrewith,0
Speculative,1
McCrae,1
rainsis,0
guarding,8
blond,14
packan,0
independencepoint,0
odors,8
Answer,13
GROUNDS,2
wrongminded,0
Founding,1
fermented,1
contrariness,5
permanence,7
chiefslike,0
believedespite,0
toadies,1
ordoes,0
Coaches,1
recognizing,19
Othello,3
antagonized,2
butterflies,8
abouthe,0
Albeit,5
singles,1
SLUMBER,1
understandA,0
utilitarians,1
1300000,0
understandI,0
singled,15
understands,14
muleteer,2
seize,43
Dainties,1
discomforts,4
disembarkation,1
cultivating,5
seizt,0
artem,2
fillettes,1
Indirect,1
pipes,20
wording,6
unimportance,1
Consumption,1
exterminate,7
blended,31
eschew,4
emoluments,4
glowshone,0
herselfone,0
Empereur,1
Behold,18
overwhelmed,23
fellowcitizen,0
propertyholder,0
SchillED,0
Bass,8
readwhich,0
payday,1
pilasters,6
Base,4
removable,2
gownfor,0
indifference,38
Bask,4
columns,29
pepperbut,0
Worrys,0
Cookes,1
canyonplodding,0
othersmight,0
adventurers,12
amBill,0
remedy,14
twill,6
Itinerary,3
compass,38
gifts,36
fortunesmy,0
Legions,1
distraction,15
Clarissa,2
worksin,0
sects,22
pleasures,22
partstarted,0
intimatesof,0
horsesmy,0
Surveying,1
steamerchair,0
clawhammer,0
rumored,8
insane,25
Democracypointed,0
319,2
318,3
sageandand,0
convenience,21
313,1
312,1
311,3
310,6
317,2
316,2
reasonsonly,0
314,6
collectively,10
individualities,1
allin,52
Founders,2
allif,0
mountainpeak,0
Perusal,2
goldbound,0
Straightening,2
personification,7
speed,46
Peggy,3
Benyou,0
wintergarden,0
442,1
airVisited,0
dooror,0
Judgin,7
hauteur,4
thrive,15
Sterling,2
palefaceme,0
naïve,3
sheepof,0
447,1
Herveys,0
firedPolly,0
wifebut,0
uninjurd,0
knewloftier,0
condoned,3
impertinentI,0
Fulton,1
Piutehow,0
Tribunes,1
Hammarscar,0
ribbands,1
Nein,1
lawputting,0
Sufferin,6
seriouslythis,0
beatalmost,0
objects,40
Wilde,9
retarded,12
Whenwhen,0
visitationstorm,0
daydreaming,1
Breton,2
Presumption,2
kidneyshaped,0
contaminatedthe,0
aufscheucht,1
Clyde,5
adaptation,4
belt,35
Oxeyed,0
Cary,2
Murderer,4
Carr,17
Cars,5
satire,9
quarterwhence,0
imperfections,7
suburbs,7
proprietor,25
initiation,2
modoque,1
Carl,17
ageas,0
Heroes,3
STONEBRIDGE,1
Card,13
Care,30
kindwhat,0
LANGMAIDS,0
lambing,1
BostonBeacon,0
Rylstones,0
mildness,3
adaptably,1
likethat,0
spectrum,2
herehave,0
adaptable,6
awake,48
pacemaker,2
Harriet,3
crowncover,0
TONGUE,1
loveIve,0
IId,0
presses,18
Chinese,8
Chicagy,1
motivepower,0
Tinny,1
budget,1
RylstoneW,0
overgreat,0
enthusiasmwith,0
desertOak,0
pressed,49
Dreaming,6
budged,3
Market,8
mitred,3
30,17
agitation,31
binding,22
tarvia,1
contrastGabriel,0
Showered,1
Shields,2
Reining,1
Camdens,0
raiders,4
starlight,20
Norwich,2
befobefo,0
2740,0
2745,0
2747,0
2749,0
longd,0
specimen,16
baseso,0
sanctionand,0
eest,13
faught,1
waslets,0
nickname,13
infamous,13
snowmelted,0
HeadQuarters,0
strikescould,0
passèd,1
Desart,3
looted,3
clasped,33
peoplesomething,0
outlawhunting,0
redandpurple,0
uncouth,20
politely,17
Orphic,1
Wiped,1
curacies,2
salve,3
pinhook,1
destinywhich,0
formulated,6
Marsh,14
Harland,1
Carondelet,2
Marse,6
relaxations,1
Marsa,2
spinners,2
mealbags,0
abstention,1
execution,22
Brandl,1
seyde,1
snowbanks,0
Randlett,1
Wreathes,1
sharpnosed,0
parents,36
SIESTA,1
lurkin,13
Brandt,2
Oo,5
On,53
Ol,50
Welcoming,1
fearedI,0
Oh,49
Of,52
couple,42
affaire,1
emanating,5
Wallachia,1
oneyear,0
handkerchiefs,7
POTOMAC,1
him10His,0
ruefullyThose,0
Buzz,6
VAGABOND,2
Ou,53
unwearied,4
Os,10
Or,51
BEFORE,1
OO,43
ON,48
Locke,4
OK,27
OH,8
OF,42
Show,21
sheAllie,0
chorus,32
Daffodils,4
sidehold,0
Thoughtfully,4
OS,28
OR,49
crescendo,2
praemiatur,1
Jenkss,0
antiseptics,2
daybreakSkiddaw,0
unsubstantial,6
bounce,12
drinkingtrough,0
dresslike,0
observin,24
greener,7
readingnovels,0
ahere,0
postmastershipsyes,0
gardenparty,0
Ohabout,0
Philadelphe,1
Frank,20
PARTISAN,1
novelty,10
selfcollected,0
Brabant,1
potentate,4
Shanes,0
behave,23
Blomaries,1
Franz,1
sheepkillers,0
LEADER,1
Hells,1
Wyffs,1
consummationand,0
Booted,2
humanityif,0
uncropped,1
respite,15
specialityscience,0
Hello,36
Mountebanks,2
threemile,0
disjointed,4
tilling,7
Dagoes,1
old’,0
scraggly,3
Duveens,0
violethued,0
devilmaycare,0
breasted,14
whatoh,0
selfcontradicting,0
agoFloyd,0
sepulture,1
Pandora,2
disturbingly,1
meknew,0
PLAINS,3
dimlost,0
controversies,5
Siesta,1
Privilege,3
Chugalug,0
ratheryou,0
sightseeing,2
clustering,7
Locarnos,0
offwhen,0
tasting,4
itrather,0
gases,2
IIdont,0
atheists,2
Solesitting,0
Palpable,1
purred,29
forgettinyour,0
yetthe,0
Pershings,0
housekeeper,10
sizedup,0
bluefin,0
Natchez,2
quartermasters,1
Shiverss,0
carping,1
stillest,2
Boswell,1
mountainsteeps,0
Resolution,5
felicitousness,1
morethough,0
inthe,1
Hucker,1
Schlegel,1
Booth,2
Consolidated,2
Mulveys,0
paired,32
Riggsblood,0
soldier’s,1
FLOWERSKIRTED,0
woeand,0
Scotchman,5
awestruck,2
Twine,2
Harvardwith,0
squinted,3
influence,46
haunt,44
cominertial,1
Vauxhall,2
itby,0
duration,8
Twins,2
palisades,3
Richard,18
disremember,2
Unvisited,4
appliedthat,0
intrepid,11
puzzling,13
mountaininclosureW,0
Hollins,2
idleness,19
Noticing,1
Wastes,1
mattock,2
DISTRICT,1
forebode,4
Persae,1
deerhunter,0
revision,5
livings,1
depredations,8
Circumstantial,1
replyYou,0
Deformed,1
perplexitywhen,0
dimplekneed,0
sweetoh,0
unremitted,1
rockbasins,0
suppression,9
Witch,3
withoutand,0
algorithm,1
bridea,0
interdicted,1
crease,48
sickall,0
train,52
Stamford,3
Dawson,1
ordination28,0
livingI,0
unbelieving,4
Rosslyn,1
fourroom,0
authoresses,1
recorded,31
thismean,0
Bolivar,1
takehe,0
Doubt,20
viewbut,0
detectiveI,0
colorsa,0
detectives,3
windowsill,2
glows,6
treatymakin,0
weremakes,0
Scafell,2
itmebbe,0
querieswhich,0
glowd,0
brownred,0
Credes,0
Eite,1
goadings,1
fifteenyearold,0
carelessly,19
Hartshorn,2
Youngling,1
somebut,0
iniquitouslydismissed,0
packhorse,1
decorating,5
minerals,1
judgmentThe,0
yearhe,0
detested,10
hercertainly,0
amanuensis,2
personating,3
BORROWDALE,1
ajtas,1
disheveled,17
roomrent,0
590,3
Didyoukillhim,0
595,3
Winchester,13
596,1
vides,11
songladen,0
terrorstriking,0
unprofitable,10
nighthawk,0
Tassoyes,0
PeterHouse,0
unhumanises,1
dynamics,1
victor,46
Entrance,2
foryour,0
1810A,0
dejection,10
gramagrass,0
1810B,0
waning,24
miserywho,0
yearlin,8
sweaty,15
acquaintedsome,0
Clapsaddles,0
vacantminded,0
flowing,39
make5,0
harassing,4
Coke,2
ibid,1
stiflethis,0
fourpost,0
ballotted,1
musthavemoney,0
barristers,2
squirming,9
Benefactors,1
fifteen,40
onceonly,0
surecould,0
ould,54
mussed,4
obstreperously,1
secretivenessexpressionless,0
praeceps,1
Beverley,1
makes,49
maker,28
Euchre,1
panicked,1
blackblack,0
youPearce,0
cruises,3
pinfoldlike,0
lifecontent,0
wantingand,0
emsome,0
toilpangs,0
selfeulogy,0
milelong,0
Colonies,3
nibbling,6
remarksI,0
Menschheit,1
desiring,8
HEART,4
confidence,46
Presently,38
honourof,0
Housebut,0
Sold,13
Sole,7
batteringrams,0
LIVE,8
Repudiation,1
Methinks,7
assuring,25
Gesta,1
Moulins,1
forewarning,4
catchhang,0
Chatsworth,1
CRUCIBLE,2
CLARENCE,1
stolidly,5
hightowering,0
himMARMADUKE,0
waitingroom,0
roadbeds,0
losin,44
unopposed,1
customer,24
Madam,14
redand,0
besttrained,0
larch,6
joinin,34
Curwen,2
Overland,1
scatter,47
desolateness,3
murmuring,35
floure,1
awayavoid,0
professedly,1
rode,41
saysis,0
sagecovered,0
287301,0
illselected,0
republicthe,0
Bounty,1
rods,27
openedclosed,0
bestAw,0
bolstered,2
devitalized,1
transfix,27
joyance,2
sayhaunted,0
tightrope,0
comedy,10
intelligent,35
clasping,21
gowan,1
GAYLESVILLE,1
Proprietary,1
himsomehow,0
Neckar,1
VENERABLE,1
isassociated,0
chatterin,17
truehow,0
Terrells,0
tusslin,2
Wauchope,1
Ona,2
One,52
Walthats,0
Ony,0
Brahmins,1
Laugh,19
distanceeverything,0
FLASHING,1
aply,11
evolutionary,14
thigh,11
silencesave,0
47Might,0
Fitzgerald,2
grimaces,3
halfhealed,0
MORNINGS,1
prelibation,1
kivas,1
DURING,6
volta,1
Suffices,1
volte,10
goanywhere,0
herselfthrough,0
havevery,0
perplexd,0
equalise,3
firestreaks,0
Isityou,0
accompaniments,2
Brigham,1
choleric,3
perplext,1
Carmichaelfallen,0
physicians,10
prosper,42
Conviction,5
destinythis,0
snaky,6
Register,5
Yearning,2
snake,29
thoughtcould,0
jaguar,4
Works,11
Chipchase,1
lastand,0
terrifiedit,0
wharfs,1
Pittore,1
concave,2
Shearers,0
Maymorning,0
forerunning,2
Kinghow,0
shortage,1
makenow,0
ennemie,1
boarder,6
scorch,23
homogeneous,2
Boarding,1
Molloy,1
muchneeded,0
shrewed,1
tothet,0
verily,14
tother,0
seemedtoo,0
Churchstock2,0
gatepost,3
books,43
Eastways,1
manthat,0
witness,35
mistletoes,0
likings,3
manhoods,1
omnipotent,1
inchthen,0
bookI,0
hoofmark,1
mitrailleuse,1
Wilsonthat,0
Dazedly,2
Shawnees,4
Rim,4
frowns,2
itColonel,0
Shortly,15
unwieldy,6
thatthough,0
purposeby,0
didnicer,0
greedy,20
vixenish,1
convolutions,2
bootmaker,1
Eccl,3
Ecco,1
andMinnie,0
could,53
Gracell,0
spearshaped,0
diningroomto,0
Julians,0
Calvert,7
receding,31
relays,2
Circled,1
spiritsyea,0
takesa,0
Graythwaite,2
FancyED,0
frightfulfrightful,0
barefootecouldnt,0
becomeand,0
IWWs,0
dogmatize,1
threecornered,0
armythats,0
WORKS,5
Jabes,0
onceappropriate,0
craniums,1
perishbut,0
erstwhile,5
Eastern,20
333Ed,0
FancyEd,0
onslaughts,4
clarified,4
physic,45
SchoolEd,0
Easters,1
trifling,14
foretelling,1
interests,32
enforcement,5
Keatss,0
vigorous,35
quarry,22
twoI,0
Dunlaps,0
quarryand,0
Roosevelt,2
thoughtsmostly,0
takes7,0
systemnever,0
smilewhich,0
Ewigkeit,1
worstthe,0
menthat,0
incongruities,1
Harney,1
seemthat,0
twod,0
commandant,4
stoppedshe,0
FLOTSAM,1
maidofhonor,0
chattels,5
arguin,13
saythe,0
commandand,0
twos,17
greenrising,0
false,48
shrinks,8
chivalrous,10
Highlander,5
tonight,18
Secret,14
ESTATES,1
50°,1
throatwhen,0
swiftlyDaggs,0
mountainous,8
Devilish,2
manilla,1
GreasersI,0
highthe,0
canthe,0
midwife,2
200201,0
humanitysuch,0
inconsulti,1
Invisible,3
bullfrogs,1
driversthe,0
FIFTH,5
Antipodes,1
betrayin,20
manor,6
3623,0
ladderand,0
manof,0
cipher,10
pauselong,0
bulgingjawed,0
everlow,0
recompencetheir,0
madfierceall,0
Modo,1
instil,17
palefaced,0
bred,38
measure178,0
shopwindows,0
consorting,1
palefaces,2
bins,33
Father’s,1
undersea,1
brew,13
overrate,4
Maybea,0
book1819,0
disputing,3
dependant,4
varsitys,0
Reliance,1
Cistertian,1
Jenneys,1
rubric,1
Geeint,1
FAIRY,1
downblack,0
moneywas,0
taps,5
trying,42
quickened,31
fructus,2
tippin,8
corduroy,13
Lawsons,0
tape,21
riding,42
GervaisEd,0
preliminaries,7
casesas,0
gnaws,1
undivided,6
DRYDENs,0
Keet,1
limine,1
Keep,41
yellowclay,0
molasses,6
Alcuin,1
sinus,1
wring,30
monkish,1
reliefgratitude,0
keiner,1
Hookey,1
croakin,4
comprising,1
taxes,7
stuff,42
truthgrim,0
taxed,18
bucker,1
Brent,4
unforgettablethe,0
guessing,9
sheetlike,1
cheard,0
pronoun,24
frame,49
framd,0
dabbling,1
elusiveness,3
chears,1
unfamiliarly,2
youthatthat,0
driveran,0
Ritchiehe,0
diedbut,0
dungeon,10
destiny,34
Yanks,1
limberlegged,0
continuethis,0
anchorchain,0
grimfaced,0
Fecundity,1
roiled,9
massivenessand,0
butternut,5
bathhe,0
destine,32
meando,0
eyeholes,1
solike,0
timeno,0
interpolate,1
youloves,0
Lisewas,0
refuting,2
oncea,41
staring,38
mankiller,0
nogood,0
marts,4
Circus,2
greyhaired,0
spring67,0
heartwhile,0
Roscius,1
exalting,5
onceI,0
brothersfly,0
casuists,1
Secresy,1
tripEd,0
Pedlarism,1
Ledges,2
isthet,0
thetafter,0
indict,17
truetrue,0
pineclad,0
Meadows,2
arrangedWhen,0
accidenthad,0
Steeland,0
mailman,0
balloonists,1
midland,3
mantracks,0
mensomethin,0
attainder,1
queer,37
Macartney,1
entitle,22
movea,3
feather,33
Whipping,1
Jailer,1
selfabnegationrepressionfalling,0
lappers,3
sidessome,0
fieldglass,0
coherence,2
thisLees,0
likebut,0
hateful,26
MARKS,12
estatethese,0
altruism,2
reconquered,1
banish,19
TremaineRuth,0
reminiscently,1
sourly,1
horserace,0
Bethlehem,3
ventre,1
Virginians,1
gotnot,0
DredScottite,0
westerly,5
Yazoo,1
tickled,17
gamean,0
God224,0
southhow,0
Chess,3
Thatafter,0
EYE,2
editionbecause,0
impervious,10
tattoo,3
ostentatious,5
mudhole,0
exhausting,7
knowhere,0
semiprotectorate,0
roar,47
Tireless,1
cobwebbed,2
Regular,5
painstaking,8
1802While,0
offsure,0
pickin,32
Wallacewho,0
evolvedapparently,0
Ruenkes,0
mainmast,1
twoday,0
CINTRA,2
himselfwhat,0
unimaginable,3
Decked,1
ofI,0
null,6
diplomatically,2
declareIm,0
Manwould,0
HartsHorn,0
Clapsaddle,1
schoolhe,0
ofa,31
off,55
contentionany,0
spiritualising,1
clergymanbut,0
tempeststricken,0
Boatmans,0
Occurrences,1
oft,54
diphtheria,1
eradicate,5
windowless,1
courtroom,0
reefs,6
youOh,0
roundheaded,0
newest,3
mansGods,0
obscenity,1
Joys,6
Glickhican,1
sword35,0
rapteyed,0
glasshers,0
thither,29
noticeablethat,0
Andso,0
justicethe,0
watchtowers,0
superfluities,1
herbring,0
wasrehabilitated,0
herdsman,6
crack,45
practisd,0
practise,24
loudand,0
moan60,0
Lebe,4
hastilie,1
Eyres,0
stooped,33
crux,1
tiesthen,0
mathematics,4
atrophy,1
IsIs,0
lOuest,0
Somebodyll,0
debatable,1
othershonest,0
burgomasters,0
REDBROOKS,0
armswhen,0
phwot,1
bulge,22
ransomed,1
comband,0
Lewthwaite,3
wagontrain,1
Agents,1
become,53
liebt,1
decisivea,0
wildthe,0
BARON,2
yourswhat,0
underwent,14
todaydeliberately,0
Glowing,1
wagonettes,1
spiritunconquerable,0
wishedfor,0
brindle,1
hissing,16
Bolshevists,1
Belvidere,1
recognition,35
exaltedwith,0
Warrior,6
Caldwelldue,0
wadna,1
dearwhere,0
thoughtdisturber,0
farewells,7
asthma,1
passion,47
Minarets,1
saucepan,4
harvestfield,0
awakewhen,0
Parian,1
barearmed,1
bothtrying,0
grasscutter,1
Lament,3
Precursor,2
manto,1
pencilWas,0
Utopia,7
andsometimes,0
presentlyto,0
posterity,9
imaginary,10
inspiredand,0
selfseekingand,0
reappended,1
audiencesa,0
grayer,5
surprisedterribly,0
langes,1
ELIPHALET,1
useth,2
thingwhat,0
blackness,32
curative,1
materializing,1
steamwinch,0
daughtersay,0
swimming,16
cultivates,1
Voyage,4
railrud,1
WYLIE,1
letters,39
pianothough,0
unfavourable,3
Somewhere,21
Caesars,1
stratification,1
allhis,0
vituperate,1
YudamnedIsbel,0
backnever,0
cultivated,24
unfavourably,3
terminated,8
Flanking,1
Notch,1
glistened,24
splintered,12
pairing,29
peters,1
EDITION,5
LeithThe,0
terminates,1
Billings,6
boatTheres,0
Flagstaffacross,0
letterI,0
pistolbutt,0
mourned,18
unheated,2
moonstruck,2
littleplease,0
imminenta,0
Hhow,0
possiamo,1
counterspirit,0
Crusoe,5
crossexamination,0
cragsgreat,0
1811Published,0
buildingsthere,0
aweinspiring,0
tossed,31
wretchedly,1
evident,45
beforeonce,0
shrunk,26
chords,10
roam,33
excitement,41
tosses,5
documentin,0
usSt,0
spreadeagle,0
Loike,1
problem,40
toning,6
whencesoeer,0
Argonne,3
SIMPLICITY,1
dhérésie,0
Pacificand,0
WRITTEN,7
Wherewith,9
Kotoxen,1
womanto,0
cedarsloped,0
warand,0
serviceDuane,0
Presbrey,1
nonetheless,1
Somers,12
BELOVÈD,1
saviour,4
details,37
MCCCXXV,1
hoofed,3
rebelled,12
herselfthese,0
Peers,2
PrescottEphraim,0
includedmight,0
casque,1
outlets,1
backthe,0
crosscut,2
plannin,23
U,54
Praise,10
hotheaded,2
Michaels,0
seraphic,2
laude,16
exposure,10
Alphonses,0
Corps,3
mechante,1
nothat,0
Consorting,1
surplice,3
Elwood,1
compete,16
dandles,2
illsounding,0
nothad,0
mebbeyou,0
Serviceto,0
clamoring,15
magnetic,13
Kensington,3
huffy,2
tenuous,1
Edifices,3
integrity,9
Bigots,1
girlwithout,0
swappin,1
periodicals,6
unsteadiness,7
messenger,27
tyrannies,1
andowing,0
worth,51
Vandeput,1
alternating,5
adverting,1
stud,47
perishable,7
aurora,1
merchantmen,2
Taller,1
CURRENT,1
cutharvestedthats,0
blustery,1
summarized,2
contrarily,1
Denkungsart,1
shelion,0
flynot,0
lovedto,0
wheelings,1
progression,3
gasmasks,0
Involve,3
melodysave,0
Imarank,0
littlepanther,0
disproofs,1
Illbequiet,0
Jing,1
uniformis,1
Vulgar,1
machinea,0
sabbath,10
depraved,12
Himmay,0
Boats,3
Clevell,0
Troubled,4
Shrill,9
machines,11
Salle,1
lessn,45
Schmidt,1
freezin,19
offshoots,2
Whirling,4
appositely,1
Blowick,1
uproarious,11
ErSenatorwhen,0
Sally,6
growththese,0
menage,4
PARIS,2
graythe,0
needntmurder,0
richest,10
redcross,0
metaphorically,1
struggleabout,0
Algonquin,1
ploughed,10
Marshal,11
referring,17
bornwhat,0
eaglebark,0
195209,0
walksespecially,0
195206,0
195200,0
mudcrusted,0
Bumpuses,1
Artizans,1
infráquo,1
Kingmeant,0
Absolute,14
vapory,3
pommelling,1
SeventeenthStreet,0
vapors,4
eattoo,0
happensdont,0
gohoney,0
blueandwhite,0
Gravoissat,0
wiseacre,2
Raymonds,0
18001815,0
BRIGADE,1
hawthornscented,0
devastation,11
outsourced,2
sweater,7
motiontwo,0
everhere,0
administering,6
theythey,0
wiremuscled,0
exacts,1
toolsmany,0
goodLords,0
DENUDED,1
solicit,35
plenitude,1
Extracts,3
ascribe,7
chancegathered,0
gographie,1
championships,1
inshoot,1
adamant,4
erI,0
Claudes,0
thrivingwould,0
Charlestown,4
NealehadAllie,0
err,53
goodnot,0
timesyour,0
Steele,5
youwasnt,0
daysplaying,0
selfdissatisfaction,0
Tempestuous,1
ere,57
era,55
elbow,37
ern,54
EVER,10
boxand,0
washroom,1
smileHodder,0
quivering,40
Fitfully,1
Prussiaevery,0
Jimand,0
Abp,1
Twoyearold,0
uncomprehendingly,3
anybodys,0
DESIRE,1
impassive,19
confidential,14
carriers,3
particularize,3
nuts,26
tackleto,0
Contemporains,1
march,38
shakin,40
Poulsson,1
aason,0
ejaculations,1
sweetnessher,0
bares,9
haveBut,0
ladder,24
eveningjust,0
Griggs,2
pungy,2
bared,15
fastwaning,0
yougot,0
tightpressed,0
greediness,1
purchasablethat,0
kuôn,1
Farrell,1
Joanroused,0
Cabildo,1
clotheswhy,0
anybodyd,0
purging,2
CALL,11
CALM,1
voicehad,0
wouldst,6
prickings,1
gumption,3
Holdernessthen,0
beganwith,0
needlematted,0
coontrails,0
ELLEN,3
ancients,2
slimmer,2
coiling,8
impiety4,0
emselves,52
ambuscades,1
defrauded,4
Singeth,1
SkullandBones,0
handMr,0
Oxfordshire,3
production,19
understated,1
respirations,1
Jonesboro,1
womenyes,0
Ditto,1
upin,11
armsupporters,0
upif,1
Riptons,0
Ditty,1
Arbustisque,1
provincials,1
livesthe,0
upis,1
awaySouth,0
eyestears,0
scallopbacked,0
reasonably,23
darnick,1
shoutBB,0
thanksIm,0
reasonable,40
varmint,11
feeds,8
niecewholl,0
Contested,1
cruised,1
dumping,1
redembered,0
apotheosis,4
Spragues,0
Confronting,2
therethatll,0
Bothwell,1
Pinacate,1
inadvertently,6
Aubrey,4
newyears,0
ruggedly,1
freeandeasy,0
deesh,1
Sulkin,1
namesall,0
forcible,12
blackhaired,0
barrier,35
ShootingW,0
unweaponed,1
expressman,3
mulled,1
disputes,6
forcibly,30
expressedthat,0
enlightened,19
mullet,3
andmost,0
drench,18
baseman,2
Ugh,12
Parade,3
Anglaias,0
maniac,4
Peerage,2
thunderheads,2
raisin,40
stilland,0
sprig,14
Prescottand,0
homeMr,0
Poictiers,1
clouding,7
stripling,9
railroads,13
immolation,2
Januarywithout,0
another,53
implicated,2
componere,1
kittenlike,0
alcoves,1
illustrate,17
havenot,0
tossers,1
seduction,1
Fugitive,2
doga,0
slavemy,0
Husby,1
regrowin,1
dogs,35
famishing,2
incitements,1
Pike,8
raftsmans,0
Rare,5
offhand,8
Pogie,1
SaintGres,0
PEDESTRIAN,1
enmeshed,1
clarionets,1
CLIMB,3
Sovozza,2
ambitionit,0
Slickest,1
guild,4
guile,18
balladsingers,0
sometimesIm,0
pedigrees,1
guilt,39
Bassigny,1
historical,10
communing,3
subjectB,0
torturesbut,0
enchanter,2
respecting,12
certainlythe,0
ironcut,0
enchanted,15
sportsmen,6
refreshingly,2
subjectW,0
impelled,34
woodworkers,0
contents,34
subjecta,0
togither,1
contentI,0
findif,0
Utensils,1
conjecturally,2
convenient,24
Cincinnatus,2
subjects,19
thundering,30
pilgrimage,19
deserteagle,0
notHere,0
Cagliostro,1
Qs,0
Splits,1
Button,3
Resolving,1
troughs,2
cleanlinened,0
immediacy,1
perforce,14
stronglunged,0
indorsements,1
QQ,1
Twelve,11
EVENING,5
nostrils,30
fullstoried,0
DICK,2
swamp,19
Chauntry,1
aunt,50
Cooleys,0
repudiation,9
reservd,0
reserve,49
DELIVERED,1
maybeIll,0
carrosserie,1
dearness,2
communityGeorge,0
lightwove,0
lasss,0
authorand,0
stonelined,0
PROPHECY,3
countrymenNothing,0
nascitur,1
Photographs,1
witnesses,16
35°,1
cliffall,0
facades,4
guncartridges,0
industriously,10
punily,1
spikersa,0
laughedeven,0
Dickthen,0
Awed,4
mêlée,2
COLORADO,2
Sass,2
belaboured,1
hangings,5
emI,0
tracery,11
hosshair,0
Fahrt,1
haunted,38
roundabout,10
runI,0
runs,43
domesticity,4
ema,52
runt,33
greenwide,0
halfdisgusted,0
gears,4
rung,47
Psychical,1
insurgents,3
freshwater,0
unmistakably,22
Clifford,6
smoldered,2
Jackson,10
reread,10
parishioner,5
rivulet,10
plumage,6
splotches,8
torrents,14
semiserious,0
Blinnall,0
fogies,2
Washita,1
progenies,1
pasted,8
Horror,5
transcendentalism,1
Fifteenth,1
brandish,15
AEd,0
cooperation,6
drawn,49
drawl,26
encounters,6
saylabor,0
Domingo,2
Resides,1
Goodbyemaybe,0
disorganize,5
handful,28
shepanther,0
swampblackbird,0
where’er,1
McCords,0
kitchen,27
Whatnow,0
essentially,8
psychologists,3
han,55
Lenoreits,0
itprobably,0
sayno,0
Bring,33
laughtermerry,0
Eighteen,12
rockribs,0
loadstar,1
Worldlings,3
Dawn,15
householder,3
emporium,3
tone,52
pavementfigures,0
haltingly,20
groundswork,0
expectedshe,0
tono,28
hae,14
anticipatory,2
tons,30
Bessdid,0
stuntlike,0
watercolour,0
infirm,10
tony,35
hag,39
companionway,2
gratitude,37
swingmiles,0
hollowblustering,0
backwardness,2
epopaea,1
Wheys,0
mindperhaps,0
Transient,1
rememberfrom,0
Corbet,1
Saintsfarewell,0
BEEPS,1
senseits,0
Auchinclossthe,0
ChaserView,0
AUBREY,1
ballotto,0
excite,45
Elections,1
psychically,1
hap,54
killthe,0
Ofof,0
AllieNeales,0
Stewartsaid,0
Maderos,0
sculps,1
ahead,39
reciprocal,2
superciliously,2
warbler,2
warbles,3
itaccepted,0
rattlers,2
maîtresse,1
thrash,18
youmauling,0
impolicyof,0
beetles,3
anaemiclooking,0
Masses,4
marksmanship,4
setin,0
dizzy,33
dangerin,3
Massed,2
Aliveperdition,0
oldermore,0
bilious,1
MisunderstoodI,0
istam,1
imbued,11
greenchoked,0
dewdrenched,0
PROVIDENCE,2
subserviate,1
steelly,1
familyDave,0
confection,4
monotonies,1
acceleration,3
fust,13
fuss,24
crockery,1
fuse,46
yearEd,0
selfless,3
bravelike,0
sorrymaybe,0
newfangled,1
barnsounds,0
Chapelbell,0
whereby,15
barnball,0
humble,42
wereto,0
rockhe,0
skillful,12
client,11
Getup,1
yearED,0
humbly,14
sullenly,24
ghostdance,0
Portland,5
drunkit,0
Doubtless,8
bereave,13
goodsuch,0
daguerreotypes,1
Duff,2
sometimesthere,0
Gleam,6
howhow,0
VIATOR,1
rebuffand,0
Lorenzo,4
thanks,43
governmentwould,0
equalsof,0
extol,3
usque,12
hardening,9
reachedbut,0
infelicitously,1
Eighty,3
1836is,0
reckonin,18
bayonetwork,0
downfalland,0
horsesthat,0
unhobbled,1
cowhand,1
alimony,1
hasforgotten,0
openings,17
laconically,16
Eighth,2
Youllkill,0
sleuthing,1
nighA,0
blazingeyed,0
changesremoving,0
Colour,4
Germandie,0
minearent,0
Winn,4
Sshow,0
Jansen,1
towhead,0
Wing,11
Einsiedlen,1
Wine,4
eroded,2
rustle,34
tendered,7
Traitor,5
Siberia,2
erodes,1
night,52
revisiting,3
freshend,0
Hardmans,1
jobto,0
mazes,8
generousso,0
Varro,1
PAIN,4
partridges,2
Steamboat,1
believeIll,0
caliper,1
Fellars,4
getsh,1
Commission,12
twentyyearold,0
contaminating,1
selfperformances,0
ungracious,7
DEDICATED,3
snuffin,4
benevolenceselfishness,0
Oldtimer,0
booklarnin,0
schole,1
stedfastly,1
sixI,0
worldnot,0
dolce,2
dolci,1
deferential,10
Guss,0
secondsseventeeneighteen,0
Kidstow,2
architectural,6
selva,1
treesall,0
McAndrew,2
Fox42,0
northno,0
gentler,11
gentles,6
unconsolable,1
Dragging,6
HellBent,0
7546,0
Priory,3
tableor,0
YMCA,0
synagogues,1
Priors,0
beneficial,5
curios,40
candlesticks,3
rendering,16
Incarnationthe,0
Richfield,1
Canyons,1
sovereign,18
oddsa,0
Hereupon,1
thing13,0
Ceni,1
spinnin,19
dayabsurd,0
Blast,4
proselyters,1
overjoyed,15
firelight,13
recordfor,0
McChesney,1
reliques,4
houseevils,0
answeredshe,0
sailboats,0
themgrasped,0
surewho,0
isit,53
isis,31
osnabrig,1
Searchable,2
crows,11
selfconfidenceselfassurance,0
isif,0
heartstrings,5
franknessthat,0
isin,52
latelyshe,0
knowCaldwell,0
belyve,1
Jessie,1
pigpensGlenn,0
allday,0
goodnaturedly,0
Some,49
tenour,1
xiiv,0
cockets,1
monotonewhich,0
intertexture,2
Summons,1
handbell,0
constriction,4
Scenery,2
fasterit,0
abridged,3
surehitting,0
Caledonian,1
intothe,0
desireto,0
evasive,13
test,54
gipsyfolk,0
tonguelashin,0
Consistence,1
preachersbefore,0
Strong,22
coarsestocked,0
deposing,1
waterpower,1
faze,2
Prestons,1
Onmia,1
songa,0
alonethe,0
campingsite,0
banquets,3
Keller,4
concords,0
sujet,2
songs,32
lanternjawed,0
OhAmerica,0
sincewell,0
LakesAuthors,0
bunkhouse,1
valets,1
silverware,1
horseback,22
firelocks,1
Republic,15
Géneral,1
battle,46
Poperyor,0
Memoir,7
tenable,6
soothed,23
varnish,5
adorn,25
Intend,7
stoneabbot,0
Pelegs,0
behappyknowingyoure,0
Aders,1
aristocratic,9
Delphine,1
Intent,7
soothes,3
FRANCESCO,1
peoplewho,0
quilts,1
extols,1
alane,1
LARKIN,1
thoughtif,0
Festiniog,1
intertwisted,1
huger,1
homefrom,0
industrialism,1
sittingrooms,0
Jimkiss,0
diminishd,0
Accuracy,1
turns,48
gun,49
gum,42
nowall,0
Indianbred,0
battleshould,0
gut,19
guy,12
turnd,0
PLAINSMEN,2
RoseTree,0
floods1105,0
righting,6
Tucking,1
superrefined,0
weddintrips,0
goodgaited,0
Astride,1
forging,6
Fork,6
ouvrage,1
heaviness,9
steelybright,0
43b,1
foregoing,12
shares,9
Ford,8
tidiest,1
shared,34
seqq,1
sharea,0
alertness,13
Fort,41
doneIm,0
commercialromantic,0
sociably,1
knickknacks,0
doneId,0
Attached,1
peoplefrom,0
thingsand,0
English,40
tousledheaded,0
Mousquetaires,1
teaches,11
teacher,30
sociable,9
sending,36
Juvenile,3
Portugal,3
plotter,7
Mabels,0
WhyMr,0
screamin,22
consciousnesses,1
burdensome,5
MONTANA,1
438,2
439,1
lastie,1
437,1
434,1
435,5
432,1
433,1
430,4
mellowed,8
herapparently,0
regardless,14
Commercesure,0
extra,48
appear157,0
uphill,13
hightop,1
happywhen,0
puffed,21
do19,0
unappeasable,1
Isaac,10
quenching,3
seadeep,0
extry,2
goingdownhill,0
ideathis,0
Felt,7
Fels,1
soulsatisfying,0
1861that,0
spoilin,14
coalesce,6
raisein,0
Fell,28
Idols,1
rainfall,2
Imin,0
analogical,1
stagedmy,0
DIAMOND,1
Deger,1
fumbled,21
valuablesan,0
16191690Ed,0
defeats,9
awfullness,1
motorbusses,0
Daveed,1
woefully,2
PlainVIII,0
Carnforth,1
stormily,2
Clough,2
gales,15
chip,31
Contains,1
deerhow,0
chit,19
significances,1
lawlessthat,0
chin,53
ERA,10
chic,29
chid,13
sympathyIn,0
facelook,0
faintthis,0
discussion,24
spreads,12
benched,1
youjest,0
madShe,0
varnished,4
Rebel,11
conceitmaking,0
deteriorate,7
armies,17
beingacting,0
18826,0
peerless,5
Elaborate,2
Clifforddid,0
Player,5
32126,0
drastic,4
gangto,0
habilament,1
threshingmachine,0
quod,2
grandson,9
HUDSON,1
motherlonging,0
‘Sweet,1
whiningly,2
beehive,4
littlecame,0
HANDS,1
Ship,7
conquests,9
actionthe,0
trumpetback,0
home’,0
Shurd,1
barnyard,6
FRYE,1
silverplated,0
Jar,9
bottledlightning,0
Jap,11
Jan,33
brain,48
stile,32
Jam,23
tablets,3
ratified,18
Jai,1
buttin,4
brutewhen,0
still,53
Adios,6
Dolan,1
Krebss,0
terribleso,0
secretpart,0
Margieall,0
lyin,50
Navvycome,0
exaltationor,0
correspondence,10
Brents,0
Confound,11
whiteman,0
slowLord,0
deine,2
Reposed,1
galloping,23
Zeke,1
Whatll,0
inversion,2
placate,2
failureyou,0
drop,49
Aaron,1
Ffit,0
whatelse,0
increaseth,1
pommel,16
Thro,45
seamanship,2
grouse,10
challenged,12
Museum,10
stooping,23
sayWe,0
himdivorce,0
challenges,1
challenger,1
yeas,2
year,53
hymns,6
Dragons,1
WellsFargo,0
Norwegian,2
artthat,0
Connected,1
temporizing,3
laborhow,0
pseudoclassic,0
Tariff,2
Fleshers,0
happenedone,0
croakyou,0
Isbelnor,0
Fragmentary,1
opinionto,0
Nighttime,0
gaffs,1
excelsior,1
dependencies,1
advantages,18
derreur,0
unashamed,4
gaffa,0
appealingly,16
Fragrant,1
tangles,2
contemplation,20
fa,54
transition,16
Erin,4
person,51
tangled,37
Ironic,1
outcry,11
Erie,2
altitude,12
trigonometrical,2
Purr,1
hotelstragedies,0
caldron,4
Historian,7
flipping,1
ridingcostume,0
Pure,9
Medicine,2
tomorrow,19
thereluxury,0
libidinous,1
caught,46
choseabout,0
FANCY,2
horsetrader,0
dunces,2
rangeas,0
Ruthin,3
promulgate,2
fleshly,3
uninformed,4
brains,30
sickliness,1
halfamused,0
PLUGGER,1
Nondescript,1
Nodont,0
professionals,2
whisperif,0
endureand,0
transferred,19
discernment,7
Raddys,0
apples,21
extinguish,20
Settlement,1
pumps,7
themmost,0
Tensely,1
Cappy,1
enhanced,18
stumplined,0
andalmost,0
desolatam,1
Daleall,0
Areopayite,1
leftJones,0
greenand,0
DadJorth,0
Israelite,4
snorting,16
15960,0
Jorthan,0
OLDRING,1
caredwomen,0
scarfaced,0
shallows,7
PARDNEALE,0
stillcrazy,0
authorising,1
womenjest,0
closeattending,0
triedjust,0
Vestas,0
RuthShefford,0
Talehas,0
importantly,4
Akin,1
fragranceof,0
Shivington,1
wildwood,1
implications,3
doneno,0
perfumed,3
Coupee,1
Blount,1
Wed,22
Character,13
roundups,1
Wel,51
Wer,40
Panguitch,1
solaceknowing,0
battleflag,0
beseems,2
paradoxesChiltern,0
mesuch,0
sheepdogs,0
Woman,22
beheldand,0
8500l,0
Timidity,1
starlike,2
WeI,0
embittered,8
Boldts,0
preternatural,2
enriched,7
Goruin,0
Fishers,1
respectable,23
whilea,0
subjectsome,0
finicky,4
WORDSWORTH94,0
whiled,4
uncomely,1
recallin,21
suchwas,0
wardens,1
scaleless,1
tufteared,0
Highnesss,0
stroll,36
TOWN,3
Reformersto,0
bifurcation,1
irritant,3
Intellectual,4
seena,0
carloads,0
baits,6
seene,1
Household,5
hoed,41
burst,47
presentiments,4
desertred,0
Mickle,1
lightminded,0
anchored,14
Blight,1
Whereve,17
Savenay,1
hoes,40
springflowers,0
honeydew,0
respecter,5
colourd,0
materials,11
colours,15
anywhereone,0
RobespierreI,0
centreand,0
Members,2
complications,8
Electrics,1
westbound,2
Taliaferro,1
childhoodthat,0
intonations,2
bigdam,0
Tavern,6
pesos,3
channelwhich,0
hurts,25
marriageable,4
broil,14
audiencefor,0
stouter,8
leftbrought,0
timesame,0
wellbalanced,0
downtrodden,1
daycar,0
WIND,5
MuvverJane,0
despond,20
madness,28
womanliness,7
200ED,0
foreboding,22
inexplicable,28
hussies,2
nightkept,0
exploit,18
cattleraid,0
biographer,4
Entered,2
selfrespectwhen,0
sledding,2
brats,1
muzzling,1
noyounger,0
Pain,25
lioness,9
gardensand,0
managin,11
Paid,2
tropical,9
Paix,2
overjoy,15
dictator,8
littleand,0
Pair,5
Goodby,4
Westperhaps,0
astonish,47
aggressions,2
aera,2
monsieur,5
thingsdont,0
Involved,2
fours,16
indeeda,0
exclaim,44
Mithras,1
vagueness,4
Silvertipll,0
Necessitated,1
Crater,2
cedartree,0
aery,7
Threequarters,0
coquetry,9
freebooters,2
Greenin,0
enoughtaint,0
forestland,5
comeor,0
waternever,0
Talewas,0
Performed,1
starstudded,0
biped,1
outgoin,5
Oohs,1
nevernever,0
7think,0
decidedyet,0
Erwhy,0
knowfor,0
selfcommitment,0
Principality,1
Killigrew,2
Better,34
Verdunon,0
spells,23
Unwilling,5
grasscovered,0
Worthingtonor,0
Israel,11
develop,43
cedarsthese,0
hernothing,0
abashedashamed,0
yearwho,0
Francewhile,0
food,46
gobble,10
powerthough,0
huntsmans,0
Quicksandsshe,0
Publicly,1
Justly,1
squatted,8
instigations,1
surlily,3
groomall,0
societyan,0
unasked,2
swallow,40
sideslap,0
transactionsand,0
fortnights,0
irresistable,1
bagpipes,2
Caverns,3
Terence,5
greatgrandmothers,0
demean,27
hillDorothy,0
Statesmenmen,0
surethat,0
JOHNNYWATER,1
horsescommingling,0
bothshe,0
Service,10
animalswas,0
soulbut,0
shepherdqueen,0
Pump,2
growled,27
maternity,2
greetings,28
foamspecked,0
philosophyembodied,0
harmonyrhythm,0
Marriagefeast,0
hunner,1
greenandblack,0
PERHAPS,1
10810,0
felicities,1
continuedyell,0
Manuscripts,1
disproportionate,4
propped,21
softpadded,0
exult,43
Deathwinds,0
springhouse,0
himselffifty,0
Amasas,0
earnest,46
herintruding,0
Luxembourg,1
WEBSTER,1
Elegantly,1
superficialities,3
doyoure,0
headpiece,1
eightpound,0
fortune,46
heightened,18
Regulars,1
herincredible,0
sloopofwar,0
conducts,4
Greyhound,2
roomopen,0
papoose,2
circumcise,1
annually,6
yearnings,8
unspoiled,6
Gerpräche,1
railwaymanager,0
veering,9
output,3
mineall,0
dazedwild,0
falsehood,14
pausinggoing,0
verbal,11
exposed,33
postedhaint,0
undistinguishable,3
tragedies,11
Pallid,1
Walnut,2
exposes,1
zealously,2
swellshot,0
E,56
Andwill,0
headknow,0
heartandand,0
manipulator,1
chantlike,0
Lunnun,1
truthwhen,0
Pompey,3
Ion,2
armyfor,0
thensince,0
velvetclad,0
Ioh,0
Iof,0
goodwhich,0
mightnt,0
nuggets,1
fractures,2
Shurds,0
carefulness,1
BOYS,4
157161,0
PLACE,8
fractured,3
Shpoloshize,0
exciting,28
Leonardo,3
rentable,1
heartsuntil,0
Ido,5
allpowerful,0
communitytheir,0
Blaine,1
lifeher,0
backup,0
linecoming,0
LUKE,1
soilor,0
mantleshelf,0
quarrelsomely,1
vagueand,0
unreflecting,2
Sheepmen,1
shrinking,23
convictionno,0
intervention,10
purplebarred,0
Imperfect,3
qualifying,4
himteased,0
firstvery,0
suppositions,2
highball,2
oakcopses,0
WretchA,0
chiefme,0
lifeits,0
allliterally,0
dojust,0
upthat,0
pitcher,15
pitches,4
philosophers,7
halfbrute,0
pervasively,1
pitched,30
poemEd,0
columnas,1
wholes,28
waterworn,0
curtail,8
illustrator,1
boundlessly,1
embedded,10
bestthere,0
cattlementhese,0
Moved,3
disappointmentsbut,0
manyhe,0
Freemen,2
Marston,2
waltzing,2
opinionsare,0
Moves,6
poemED,0
Bentonville,1
605,3
601,0
600,7
603,1
Yorkso,0
unrealthe,0
Races,1
motherthrough,0
sturdiest,1
Wherein,4
ifif,0
Wardwhat,0
finisher,1
recreated,1
Veterans,1
Idol,3
confab,6
cabinets,3
stationed,17
foola,0
repliedIs,0
sageslope,0
housework,3
Purpose,4
wordrepeated,0
fools,23
Niver,1
poor,51
poop,5
Delectable,1
60s,0
endeavors,5
whistling,40
insomuch,2
STEPPING,2
Ffeelin,0
Dent,3
pool,41
sciolism,1
Cascais,1
swiftvarying,0
insertions,1
Kitteekittee,0
Lucys,1
maneven,0
townsmen,3
Lucyd,0
exertedhow,0
Marcgrave,1
ceases,7
PUBLISHERS,2
polesso,0
Unknown,7
espies,2
ceased,46
thoughtful,43
Verdeabout,0
Take,45
Shultz,1
thataboot,0
religious,26
cockade,2
Naggers,0
chainlinks,1
corps,21
Trixton,1
vs,3
restedwithout,0
strangehe,0
Heavnborn,0
workpeople,0
chartering,1
harvestbusiness,0
twothirds,0
‘Nought,1
heartwas,0
RESCUE,1
Sanguine,1
Hancock,2
coloured,11
Celestial,1
decide,43
SPRINGS,2
here570,0
stanzaEd,0
oathhe,0
wealthyif,0
secondclass,0
Duddon,6
startin,42
seqEd,0
Gentle14,0
YouMilly,0
hethats,0
lulls,4
nullity,1
slobberin,2
Kingdomes,1
streets,34
uncompounded,1
Dweller,2
chargebut,0
Wabash,1
lulle,21
Lysanders,0
Nnothin,0
heralds,3
4557,0
lonelinessperhaps,0
inert,22
tearstransfigured,0
dissertation,4
Helmcrag,2
dirt,38
lurch,21
steadying,4
Convoked,1
rustlersthe,0
allwonderful,0
scenting,10
eyesHas,0
campnear,0
103Ed,0
scoffing,3
witticisms,3
woundand,0
Bapaume,1
stockholdersall,0
dune,10
excess,19
marring,5
ADDITIONAL,1
goodfornothing,0
withoutso,0
inspired,37
whiteflannel,0
advertising,4
welladapted,0
freedomfor,0
successors,6
inspirer,3
inspires,7
responsibilitywe,0
satisfiedif,0
untilnow,0
Honorato,0
ask,52
tunathose,0
cliffbench,0
RUSSELL,1
ithappen,0
seventeenth,6
piastres,1
dowager,1
bloodroots,1
illuminatingly,1
loosehave,0
240,5
Betrayal,1
Butlers,0
dirn,1
ruleth,1
blackpointed,0
Bowlders,2