,0
fawn,0
brownandgreen,0
nunnery,0
Dago,0
sowell,0
halfstifled,0
woods,0
clotted,0
spiders,0
hanging,0
woody,0
comically,0
dayuntil,0
disobeying,0
ofHamlet,0
canes,0
LAST,0
chatter,0
clombe,0
Journey,0
hoarsevoiced,0
Western,0
woodW,0
Gravesend,0
monthisnt,0
Retreat,0
Successor,0
legshow,0
wholeespecially,0
Exchangedto,0
Blade,0
grenadiers,0
pigment,0
Hunsrushed,0
horsemackerel,0
candidatesof,0
fullblooded,0
bringing,0
Corporaxcloth,0
wooded,0
grueling,0
wooden,0
newspapersand,0
ambushing,0
cressed,0
wayfarerof,0
Atlantean,0
shows,0
immunities,0
polygala,0
Pinkerton,0
dishonourso,0
Goilhead,0
gaskets,0
Strewing,0
1841Wordsworth,0
Shocked,0
270,0
271,0
272,0
273,0
274,0
275,0
276,0
277,0
consenting,0
Honorable,0
tobaccohills,0
snuggled,0
inanimate,0
Americanyou,0
Papagos,0
errors,0
cowardthat,0
onehem,0
sprucespeared,0
Hamilton,0
designing,0
numeral,0
pawed,0
asleepin,0
BIRD,0
Billingsgate,0
Happening,0
passingnofalling,0
LevensBridge,0
sunbeams,0
preachyou,0
Orderly,0
resentmentall,0
boatmenall,0
Heinrichs,0
21617,0
soulin,0
gobut,0
kids,0
uplifting,0
ofAllie,0
readdo,0
deferring,0
controversy,0
flopover,0
kida,0
foulfly,0
raisedthere,0
knottylooking,0
importancenot,0
CrossII,0
byebye,0
topography,0
projection,0
sermonI,0
overtasked,0
Harvey,0
Disloyal,0
Revolver,0
excuse,0
garter,0
stern,0
Detector,0
faultfinder,0
Frendys,0
frosty,0
insecurity,0
dno,0
vicegerent,0
prospector,0
definiteness,0
Penitential,0
mystic,0
reasserting,0
caned,0
sermons,0
ascoose,0
populations,0
Penmaenmawr,0
tailoress,0
Essarts,0
weresomething,0
intimacywhy,0
Cowpuncher,0
contributethe,0
firstlike,0
blustering,0
listenin,0
intake,0
morally,0
irrigationand,0
looksbad,0
ofto,0
Euro,0
expressively,0
wand,0
wane,0
itjerking,0
virtu,0
disparagement,0
facade,0
Spotswood,0
want,0
Oberon,0
hitchingrail,0
rightone,0
fatheryour,0
travel,0
shirked,0
copious,0
bewuss,0
Pantingly,0
shunning,0
heretomorrow,0
itnot,0
gazedand,0
peaceThe,0
shirker,0
selfesteem,0
Correspondent,0
uselessness,0
nothingjust,0
Feelers,0
assimilated,0
HEAL,0
dyinhappy,0
Dialogue,0
HEAH,0
dinosaurs,0
neglectoccasionally,0
Fogg,0
HEAP,0
Hurriedly,0
uplifters,0
Alack,0
Tractate,0
lighthaired,0
Orleansamongst,0
Thurston,0
vaquerosthey,0
sociologist,0
Cottagestops,0
mesalike,0
menll,0
disengaging,0
Even,0
snugly,0
seeshe,0
priest64,0
welcomed,0
Blackstone,0
stoicism,0
Donnington,0
Joshuaor,0
livesremains,0
backings,0
Robertson,0
He’d,0
welcomes,0
AMBER,0
Waless,0
His,0
Hit,0
welcomeI,0
fit,0
screaming,0
fix,0
Admirers,0
Smiths,0
Fames,0
Montague,0
Vaguely,0
rehoused,0
fif,0
fig,0
hardtrodden,0
fie,0
reentered,0
truants,0
fin,0
Him,0
wellhidden,0
sakefellers,0
Pursuedand,0
hallwayDont,0
fatherHim,0
foolin,0
exactlymoral,0
vouchers,0
wasshewal,0
effects,0
HUNTLY,0
shootingscrapes,0
riflerange,0
spokenmy,0
ebbtide,0
SADDLE,0
whacking,0
crosscome,0
troublous,0
giuste,0
clotheshot,0
Combine,0
uninfluenced,0
citiesthese,0
trenchesthe,0
lawof,0
husbanda,0
parasites,0
OCTOBER,0
Sack,0
MacNeffs,0
novices,0
Crowds,0
ifanything,0
buttercups,0
toleration,0
XXXX,0
lifeNature,0
redshaded,0
XXXV,0
plateward,0
saillockers,0
fishingboat,0
golet,0
cowboysand,0
crotch,0
descanted,0
nightdress,0
abbots,0
Dorothys,0
JoanRandlewatch,0
underfoot,0
retaliations,0
pumpkins,0
Ego,0
Chippewayan,0
Yetwhat,0
estimate,0
HeavensThou,0
laburnum,0
dustshields,0
silent,0
husbands,0
chiari,0
assumethat,0
disturber,0
servedto,0
SIGNED,0
apathythat,0
disturbed,0
portmanteau,0
Facts,0
elsewhereto,0
MUSTANG,0
fellowKentuckians,0
linesfirst,0
Levites,0
popularise,0
lightened,0
possibleperhaps,0
hushand,0
heartbracing,0
rockso,0
wayoff,0
oldA,0
Nerves,0
oldI,0
YU,0
goldengreen,0
LANG,0
Exeunt,0
LANE,0
LAND,0
renovated,0
Loath,0
PictureED,0
metake,0
Insall,0
olda,0
needed,0
Burro,0
master,0
understan,0
addicteda,0
suhreckon,0
involvedED,0
groats,0
specters,0
chieftains,0
rewards,0
slingin,0
youinstead,0
mutilated,0
DOWDEN,0
Stirrups,0
UNATTAINABLE,0
Daddy,0
heftiest,0
positively,0
Worryin,0
old3,0
old9,0
tois,0
feelins,0
exclaimed,0
friend,0
silky,0
feeling,0
SPEED,0
Hoffers,0
knewthey,0
frogthe,0
larder,0
Chicago,0
parietis,0
desertdoomed,0
Recruiting,0
278,0
brawny,0
titlesa,0
Yesdear,0
evangels,0
affairs,0
Them,0
Thel,0
wholesome,0
decisionyou,0
Thee,0
Stroke,0
Myron,0
wheremid,0
circumambient,0
Roscommon,0
affaira,0
brierroot,0
They,0
mickle,0
Blandll,0
Thet,0
Dornmissing,0
appertain,0
shipments,0
Chaldean,0
outlawsand,0
diminishing,0
saildotted,0
encomium,0
populareven,0
noisethe,0
reverence,0
toin,0
dAlene,0
doingits,0
measuressome,0
Llanercort,0
Sabbathkeeping,0
kiyi,0
nettle,0
threewho,0
tech,0
fugitives,0
The3,0
purged,0
marryyour,0
Brandished,0
saying,0
cooking,0
placeway,0
hounder,0
formsgunsbullets,0
tempter,0
padded,0
slopesthe,0
sayins,0
Gunnison,0
tempted,0
BeaumontWhen,0
justifiedagainst,0
hounded,0
mugs,0
apace,0
franklyI,0
clicked,0
flightTis,0
toobut,0
Nismes,0
statehouse,0
everywhereand,0
pausedhe,0
Tearing,0
himandand,0
plate,0
venez,0
confounded86,0
outfielders,0
1806Published,0
himwhen,0
clumsiness,0
gennelman,0
altogether,0
rugged,0
highprincipled,0
givest,0
happenedask,0
fishingrods,0
droning,0
Senators,0
blackfaced,0
nicely,0
admirin,0
Andover,0
patch,0
yearpealing,0
Dances,0
uponyourself,0
youtaking,0
Jabe,0
drhopped,0
precluding,0
describedI,0
heirloom,0
Welltell,0
pinon,0
schoolwhich,0
possibilitiesmay,0
Anderson,0
neversatisfied,0
onetwenty,0
humoredly,0
wreathèd,0
advisedly,0
lots,0
Nimmo,0
menoww,0
Rock,0
motionan,0
xvi,0
articlessome,0
tidewaters,0
loth,0
shootingwhy,0
ire,0
abyde,0
requisites,0
discipline,0
natura,0
ridersSilvermane,0
extend,0
nature,0
unconsciouslyDitmars,0
Senatorship,0
lapping,0
Utahto,0
basswood,0
weepingto,0
extent,0
organdies,0
tendons,0
valleysso,0
grizzlyon,0
Leffingwell,0
lookit,0
ravenously,0
Cockles,0
natureW,0
Handmaid,0
lookin,0
Godgiven,0
Pebble,0
fearlessly,0
ErGrant,0
foreclosing,0
Renounce,0
Inconstancy,0
gopher,0
wearying,0
unhealed,0
fondled,0
verifying,0
bucketplanks,0
deferrd,0
humming,0
buckskincolored,0
Footnotes,0
Instantly,0
SATURDAY,0
Montagne,0
underdone,0
Pizarros,0
insatiably,0
faithsomething,0
triviality,0
zwardfis,0
Lethe,0
fro,0
prisonbelongs,0
communicants,0
puffup,0
much,0
firsthes,0
Closely,0
purpleblue,0
fry,0
hitchrope,0
Cynthyfor,0
Cals,0
beautifullike,0
spit,0
poolsformed,0
barque,0
twinkled,0
Perturbed,0
speedin,0
ponderings,0
Donovan,0
sharplike,0
doubts,0
spik,0
donetis,0
spin,0
skilfully,0
wildcat,0
Lochinvar,0
proprietys,0
administrative,0
roundthets,0
professionally,0
brainstorm,0
misconstrued,0
droppin,0
Reenter,0
Yesyesbut,0
youAlliehere,0
Pikes,0
prostrate,0
unbusinesslike,0
Crusaders,0
cupful,0
canoeing,0
NEALE,0
Innumerable,0
anger,0
5056,0
seeAlliea,0
preachin,0
memorial,0
memoriam,0
centrehermit,0
honk,0
democracies,0
Reyburn,0
slightness,0
itill,0
visitations,0
wallswe,0
gutshed,0
fireweed,0
survivesometimes,0
Carondelets,0
Married,0
Maybe,0
Methodists,0
torpedoes,0
kiddie,0
Pho,0
Actuellement,0
tomorrowyes,0
ALPS,0
answeredfor,0
furlough,0
cavemen,0
peremptory,0
Stearn,0
academic,0
stillness,0
lonelier,0
Driver,0
oftenor,0
Table,0
BONEFISHING,0
corporate,0
propertyand,0
todaywell,0
benignity,0
bellow,0
Theyll,0
absurdities,0
appropriately,0
58Ed,0
Laureate,0
Unobtrusive,0
brutalto,0
lasse,0
errorsValiant,0
trembledyour,0
lasso,0
endue,0
midDecember,0
Chalons,0
ham,0
duffer,0
hab,0
Alliesin,0
had,0
advancement,0
haf,0
Mohammedanism,0
Valleywhen,0
hay,0
HUNMANBY,0
isyourself,0
wiving,0
har,0
has,0
hat,0
Spence,0
haw,0
inwhats,0
Denting,0
ingine,0
municipal,0
Stuarts,0
elders,0
REQUEST,0
unequivocally,0
semiacknowledged,0
choya,0
indicative,0
Sseen,0
nightshadows,0
etherealizing,0
Trackless,0
claydunes,0
Framed,0
BoysI,0
happenedfatefully,0
withheld,0
Frenchaqua,0
Swedish,0
effusion,0
THELS,0
crowd,0
fallingout,0
mosques,0
maneaters,0
crown,0
captive,0
perchance,0
bottom,0
inhuman,0
surging,0
Calls,0
breakfastdishes,0
thingseven,0
Conistons,0
considerin,0
groundgainer,0
discoverdespite,0
Kentuck,0
fusileros,0
lonelinessthe,0
starring,0
requestto,0
sweetheartNeale,0
caskets,0
uncircumstantially,0
restlessness,0
benches,0
overChicago,0
Thirteenth,0
anomalous,0
officeholders,0
citizenswho,0
Fredericks,0
Cynthylike,0
finishedand,0
backbe,0
Concerned,0
honeymoon,0
youFIRST,0
Harnmond,0
marshals,0
earthperhaps,0
povertyEd,0
shoots,0
shootI,0
entertainedB,0
Ends,0
despised,0
darkercolored,0
fabric,0
Vernon,0
Inherently,0
envying,0
firethese,0
grasping,0
despises,0
cautioning,0
acquainting,0
itselfInfinitely,0
illframed,0
ubique,0
perfumes,0
spurting,0
Welldressed,0
universitya,0
denoting,0
goldtipped,0
isglorious,0
heavyladen,0
aloneno,0
Nineteenth,0
percolators,0
hungryeyed,0
congratulations,0
humbled,0
rippling,0
changelessness,0
layin,0
banyantree,0
tharkid,0
Gobut,0
County,0
herdidnt,0
humbler,0
PEGASUS,0
nicest,0
storestories,0
inchief,0
Messenger,0
Jays,0
proclamationhe,0
passenger,0
discountenance,0
disgrace,0
Tales,0
YOUNG,0
scarletfirethese,0
moderns,0
leviathans,0
scuttled,0
effusions,0
slurring,0
whirlin,0
untowardnesses,0
muchused,0
Retreated,0
Corralled,0
crowns,0
Whoa,0
bossin,0
Telltell,0
underfed,0
Burke,0
crowne,0
crownd,0
Faythe,0
crowna,0
jumpingjack,0
Demagogues,0
palms,0
Falkenschweif,0
heavenlyminded,0
Bolognas,0
Ellisland,0
enemieswhowho,0
Bucer,0
smelling,0
lariats,0
consecratedthis,0
RIDERS,0
explosions,0
exuberantly,0
Glenns,0
Fifth,0
needthe,0
Naspatell,0
Geology,0
workmenbuilding,0
childs,0
calculatin,0
chain,0
whoever,0
Abereft,0
Bgorra,0
puttered,0
childa,0
smoothrunning,0
Northeast,0
Artisan,0
foregrounds,0
Ipswich,0
chair,0
HammarScar,0
Shouldnt,0
muchheralded,0
freelance,0
Mantuawhich,0
balled,0
grappled,0
socialupon,0
oversight,0
tenacious,0
Liswyn,0
mindstheir,0
jerk,0
prances,0
embark,0
gloomy,0
closelocked,0
therehis,0
Bedouins,0
Barren,0
glooms,0
pranced,0
exact,0
unattuned,0
minute,0
twobagger,0
deranging,0
Beholding,0
melikea,0
Fifteen,0
bethere,0
Chamillard,0
sorrowthere,0
erasures,0
Katrine,0
skewer,0
twinborn,0
neversaw,0
hindered,0
ADVICE,0
selfcontempt,0
YesSpain,0
estimashun,0
gnawed,0
overbrightB,0
chopping,0
ogled,0
Dewy,0
Philomelas,0
adorns,0
kindliness,0
occurrencescharacters,0
Substitutes,0
zealoustoo,0
celebrated,0
rewardyou,0
someamusement,0
Travelld,0
portcochere,0
Collation,0
geography,0
bided,0
unintentionally,0
Me,0
drafted,0
Ma,0
climbs,0
honour,0
Mo,0
plucking,0
poetesses,0
adorn8,0
thoughtshe,0
somebodyto,0
Ms,0
Mr,0
dwindling,0
My,0
climbd,0
ME,0
appreciatedthen,0
charactersketch,0
MA,0
MM,0
MN,0
cette,0
MH,0
Twahnt,0
MT,0
Mirza,0
MP,0
MS,0
MR,0
effetti,0
Naeffels,0
MY,0
Prefatory,0
influx,0
wildhow,0
Seattle,0
hogreeves,0
morninwhenwhen,0
dearsuppose,0
completenessthe,0
wonderfullya,0
inquisitively,0
depressas,0
texture,0
soul,0
Davidson,0
vanishingpoint,0
undergone,0
wroth,0
August,0
désir,0
awaywith,0
pints,0
waterand,0
Rime,0
vigour,0
opposed,0
unjust,0
allinall,0
liberalizing,0
hollygrove,0
Freddy,0
Those,0
perishes,0
Quickto,0
dampness,0
consoled,0
xixxxi,0
ADVANCES,0
inevitablya,0
Artful,0
approving,0
thieveswhats,0
consoles,0
Barr,0
Douglasfather,0
Thigh,0
wans,0
Pays,0
Glenn,0
froward,0
Wetherell,0
following,0
renew,0
countrywherever,0
favorablea,0
listend,0
TOUSSAINT,0
Chineagoping,0
hackamorean,0
Bijah,0
lovemakingon,0
Squareof,0
killedand,0
mewahnt,0
listens,0
bibliographical,0
Calvinists,0
esalti,0
Middlevillewhere,0
mustsay,0
feelshes,0
thanking,0
185The,0
Lawrenceor,0
Significant,0
Frenchies,0
extensions,0
Mebee,0
MUERTE,0
Beauclerk,0
meddler,0
meddles,0
sightwe,0
elseshe,0
convincingly,0
meddled,0
Oughtnt,0
willnot,0
therewaiting,0
venirti,0
heliotrope,0
DarenNoNo,0
pridem,0
goldandpurple,0
halfsize,0
inhabiting,0
strainings,0
forebears,0
skirmish,0
travellingbags,0
LIE,0
Attention,0
slaveshould,0
LII,0
ends86,0
professors,0
WATSON,0
Kingstons,0
quarrelled,0
tooand,0
stampeding,0
speculationhad,0
Cromwell,0
pieds,0
looker,0
dUrbino,0
jig,0
overlord,0
jib,0
infirmities,0
gonelike,0
illae,0
wayworse,0
Benedictines,0
Morgenzelt,0
highbacked,0
pianohis,0
Pad,0
Veil,0
Hiding,0
modestly,0
wordslimitless,0
DOMINI,0
Popularity,0
bashful,0
inconsequence,0
sorter,0
consolidationdont,0
lookbut,0
deadI,0
overpowering,0
Gordon,0
unsusceptible,0
establishof,0
dida,0
appreciatively,0
hickory,0
manJethro,0
pealing,0
Yellow,0
fancytopped,0
stolze,0
LX,0
instability,0
deada,0
quarter,0
seldom,0
Counterfeit,0
Küsnacht,0
twines,0
WarrenJonas,0
bursting,0
irremediably,0
growths,0
bowlegged,0
remembrance,0
infant’s,0
irremediable,0
entering,0
Coringtons,0
Muerte,0
presaged,0
Deborah,0
hourto,0
Michigan,0
endsthe,0
seriously,0
subtile,0
gladius,0
haltered,0
MEETS,0
incentives,0
anoon,0
halfextinguished,0
inwardly,0
crazier,0
grandma,0
dissonant,0
workmanship,0
Recesses,0
twistingtrunked,0
1860Think,0
phronein,0
wrong,0
quibble,0
SLOPES,0
draggin,0
cabriolets,0
olivecoloured,0
langour,0
askedmight,0
spokea,0
spoken,0
Castlehill,0
throbbingan,0
tableaux,0
Fates,0
nobilityGermanywith,0
fairylike,0
Waterrising,0
spokes,0
periodical,0
joysof,0
PORTRAIT,0
spellThe,0
didpresently,0
affords,0
goodhumoured,0
brother89,0
unsummoned,0
Monday,0
skysinking,0
Mounted,0
Stands,0
unmarried,0
lingering,0
corporationpolitical,0
transitionshe,0
whitewash,0
surges,0
Drowsily,0
snatch,0
unfailingly,0
Sillistons,0
absorbs,0
surged,0
History,0
Vanes,0
crossroads,0
Howling,0
nevertook,0
Wellhe,0
Vanea,0
bellowin,0
wandering,0
shakeup,0
Restorer,0
Waring,0
sumptuous,0
turned,0
jewels,0
Field,0
sweetsmelling,0
uninterrupted,0
Themselves,0
borough,0
diplomatist,0
Dollys,0
pimply,0
fashionable,0
Vercingetorix,0
Tyran,0
Juvenal,0
Forester,0
fashionably,0
Wont,0
Shock,0
arewere,0
hydrahead,0
opposite,0
discerning,0
Sycamore,0
sweetheartsYou,0
heirloomthough,0
another’s,0
Depository,0
commodores,0
grateful,0
ParkI,0
yetthere,0
returnshis,0
vinetaque,0
minutelyas,0
Ireckon,0
Paymaster,0
WORDSWORTHyearly,0
touchy,0
sideshow,0
truewhoever,0
Instances,0
rosygold,0
touchd,0
obsidian,0
youupset,0
havenobody,0
Substitute,0
unmistakable,0
peoplenot,0
leadersyou,0
imagines,0
friction,0
Competitions,0
Cf,0
inconsistent,0
heeding,0
Enjoys,0
imagined,0
possiblesee,0
themfights,0
reconciling,0
Thrilled,0
cathedra,0
transact,0
overeagerness,0
coaxing,0
sprucetree,0
thatAh,0
Iobeyed,0
concurrence,0
Imjest,0
disencumbering,0
rejoiced,0
Middleville,0
arbours,0
revolutionized,0
Romneys,0
balconies,0
welcomea,0
skiffs,0
rejoices,0
Knotts,0
peut,0
springMILTON,0
balconied,0
himgo,0
timeyou,0
recurret,0
beforemystic,0
Unaccountable,0
keenly,0
pointedmaking,0
bloodwet,0
knownpeople,0
recurred,0
carrion,0
whaleman,0
recoiling,0
YES,0
tike,0
youcall,0
halfabsence,0
thenit,0
enthralled,0
noisier,0
moroccocovered,0
attenuated,0
audaciously,0
Figgered,0
Madeline,0
Borgias,0
clothesgave,0
presentit,0
bodiless,0
moone,0
830,0
humorists,0
embryos,0
834,0
835,0
onlyYOU,0
avails,0
sprucest,0
Mortally,0
Wisdom,0
wests,0
flourishnor,0
civilizationthe,0
moons,0
satiety,0
playhouse,0
stannin,0
moony,0
fir,0
Wondered,0
fewand,0
WAYisnt,0
238Ed,0
Harbor,0
aversion,0
Artillarie,0
mistakenit,0
seawind,0
menacing,0
wickedly,0
Cosmos,0
wolfbay,0
Brasenose,0
steeltrap,0
redcomplexioned,0
majestically,0
penitently,0
BERNARD,0
thatMarse,0
Grenfells,0
throwingoff,0
28ED,0
millionaire,0
flipped,0
Snowll,0
paring,0
trotz,0
raggedness,0
gridiron,0
allowance,0
slakethey,0
Marchmay,0
gaiety,0
Fresnos,0
Shouldering,0
Sprinkler,0
wellsanded,0
Phidias,0
SockburnontheTees,0
sergeantdusty,0
ABRANTES,0
west,0
favourhe,0
collided,0
cavernas,0
guineapiece,0
motives,0
columbineor,0
Glimpses,0
BURNS,0
21516,0
outcrytransitory,0
presenceyou,0
readings,0
FIELD,0
tightened,0
differencesin,0
abject,0
extant,0
skypiercing,0
Prompted,0
SHERMAN,0
pretence,0
knownthe,0
iver,0
Santone,0
corporaxcloth,0
Size,0
selfconvicting,0
mutineers,0
tegitur,0
governessMiss,0
ProtectorED,0
residenter,0
Deathwindfoolednotforlong,0
Admiral,0
schoolcourteous,0
underhanda,0
twentyfourridin,0
himthousands,0
verified,0
nuptials,0
longprojected,0
senseis,0
reanimate,0
senseit,0
unrhymed,0
Blood,0
pockmarks,0
visually,0
assigns,0
Map,0
tolaw,0
Clear,0
myselfwhen,0
XVI,0
miraclein,0
Anywhere,0
advertisement,0
Terentius,0
Temper,0
yieldif,0
Mat,0
suasion,0
teepee,0
bowlJosiah,0
Manor,0
Butif,0
Advices,0
peculiarities,0
roundtill,0
coteries,0
concentred,0
EGLANTINE,0
Butis,0
persistently,0
Montes,0
Menhaden,0
being,0
litterateur,0
NAI,0
NAS,0
forewarned,0
beins,0
girlsof,0
carpetbag,0
grounded,0
excuses,0
characterization,0
plunderers,0
Mac,0
plumed,0
grounder,0
fenny,0
soninlaw,0
glutted,0
noisewould,0
plumes,0
Benjys,0
Crane,0
Bellloundshell,0
muvver,0
Dalemain,0
unerring,0
rompd,0
rejoin,0
decomposed,0
sums,0
DRUMMAJOR,0
greasewoodcovered,0
romps,0
shylychildren,0
traffic,0
preference,0
Mah,0
sensational,0
Rifles,0
bed25,0
MDCCCCI,0
superiority,0
Warming,0
lassothe,0
obstruct,0
Muzzle,0
seating,0
whitern,0
Zacynthusphilosophic,0
merather,0
1849one,0
seenan,0
Holter,0
Expressed,0
Brighter,0
tumbrel,0
Obedient,0
pervading,0
Strongabodes,0
meaboot,0
Vigee,0
gunfighter,0
Pharaoh,0
raisinpicker,0
Poinsetta,0
whalekilling,0
Effort,0
transmutation,0
onesthese,0
averse,0
companionsinarms,0
beliefthat,0
Stewartwhy,0
disparaging,0
windfalls,0
Gaul,0
luxurious,0
Knows,0
exasperating,0
Gertrudes,0
Revolution,0
KCB,0
betement,0
menacingly,0
revolutionists,0
newsboy,0
sicksick,0
prelusive,0
houraimlessly,0
Dunmails,0
frights,0
rumpus,0
individualize,0
sensitively,0
believeall,0
sleety,0
perturbed,0
unpractised,0
antidote,0
tangoed,0
revivified,0
cowhide,0
reproductive,0
lively,0
tenders,0
1874ED,0
pivot,0
buskined,0
gnashing,0
Abode,0
Spoiledhell,0
wayshe,0
gleam,0
glean,0
Peninsula,0
powernow,0
SUTCLIFFE,0
Calder,0
harpsichord,0
beenhis,0
sealed,0
outfront,0
swordHer,0
Thenmy,0
standpatter,0
bubble,0
Blinky,0
articleIve,0
yearned,0
onaccustomed,0
spiritualmindedness,0
wits,0
Fitter,0
Blinks,0
ButIll,0
hossstealin,0
SWAIN,0
Dutys,0
abused,0
Tiburon,0
rage,0
propheciesperhaps,0
rainedfirst,0
lastnamed,0
rags,0
Wyndermere,0
dirty,0
abuses,0
ADDITIONS,0
nationShe,0
trips,0
touchstone,0
patois,0
rememberyou,0
Dastards,0
mundi,0
watchet,0
allat,0
POLITICAL,0
Subsided,0
watches,0
sweetheartyour,0
ensuing,0
ASPECT,0
formulation,0
watched,0
tremble,0
huntand,0
slobber,0
cream,0
Ladd,0
Dalrymples,0
sympathetically,0
unwelcomed,0
1445,0
unparalleled,0
Lads,0
Bunyan,0
overparticular,0
PETER,0
Lady,0
Gracious,0
RICKS,0
WhitakerOn,0
Brientz,0
BARRISTER,0
goldenthe,0
lankylegged,0
waving,0
lessincreasingly,0
sheepishly,0
Durch,0
brotherhood,0
morwe,0
fondlyanxious,0
Slipst,0
tricky,0
lavathereyoull,0
tricks,0
maliciously,0
selfsupported,0
cupidity,0
PRIEST,0
initiating,0
superiour,0
tricka,0
smutfree,0
legislatures,0
climband,0
indiscretion,0
curate,0
shaverhed,0
Fatherless,0
caused,0
beware,0
Cornelyss,0
attestations,0
symptomaticif,0
PERKINS,0
causes,0
causeI,0
32932,0
32933,0
riots,0
payhaving,0
wheatsheaf,0
adapt,0
minutesfive,0
Rustlin,0
Nooneelse,0
wayfarers,0
disapprovers,0
floated,0
Conversation,0
burgher,0
capotes,0
Malartie,0
matchthe,0
BEAUTIFUL,0
Wilkes,0
Grindelwald,0
sans,0
nor5,0
dayor,0
Hutterwhatd,0
youfor,0
Embroidered,0
sang,0
sand,0
sane,0
Kubla,0
lifelove,0
sana,0
sano,0
senselessly,0
dayof,0
sank,0
boardingand,0
abbreviated,0
199,0
198,0
195,0
194,0
197,0
196,0
191,0
190,0
193,0
192,0
ownerEd,0
Thrice,0
has2,0
has3,0
crosswalks,0
denunciations,0
leis,0
frostcoated,0
prevailed,0
greenness,0
Ogilvy,0
savedhad,0
wishwhat,0
hewing,0
earththe,0
dwells,0
Aelina,0
3745,0
hash,0
obtrudes,0
hase,0
gratulatest,0
republished,0
portrays,0
98100,0
daunted,0
obtruded,0
beganand,0
Hirt,0
diedye,0
hast,0
clothfor,0
automobileless,0
Entrusted,0
Spences,0
Spencer,0
Lisell,0
illhumours,0
unswervable,0
helpa,0
remarkedan,0
Blessings,0
Mackinaws,0
vacantmindedness,0
wheatraiser,0
moulds,0
wonderment,0
depart,0
reclaimed,0
familyIt,0
Hereditary,0
Difficulties,0
Whodid,0
armsweatherburned,0
cynics,0
threehundredandtwentyeightpound,0
Dice,0
Payne,0
TRAINING,0
Crash,0
there189,0
mort,0
prejudging,0
morn,0
fragrance,0
soil,0
Bluds,0
Provence,0
FRIEND,0
more,0
Burita,0
rearrange,0
initiated,0
pointedly,0
company,0
corrected,0
phlegmatically,0
kisstheyve,0
lameness,0
GodI,0
lawtheir,0
Statist,0
SWEARS,0
hyarquick,0
togetherstrong,0
stampings,0
leary,0
Towerlike,0
Gods,0
unversed,0
installing,0
knocker,0
qualificationthe,0
learn,0
knocked,0
embrace,0
grope,0
Blackcomb,0
scramble,0
purplesaged,0
sheepherding,0
civilizations,0
spiller,0
meaner,0
mehe,0
hosscomin,0
clotheslines,0
wonderfulest,0
estimationso,0
FranceI,0
Grits,0
festivalwhen,0
prostration,0
mehr,0
Glasgow,0
FranceC,0
Laramies,0
huge,0
peacefulfriendly,0
huga,0
sensebut,0
Resignation,0
unspeaking,0
dismissed,0
Frances,0
ratherpresumptuous,0
dotard,0
hugs,0
civilizationI,0
Moncaupie,0
Gower,0
redskinned,0
Jimback,0
thickened,0
disgraced,0
excellencenever,0
horseout,0
agitating,0
longbarrelled,0
bushel,0
disgraces,0
malevolent,0
quickpanting,0
knolltop,0
resemble,0
twisting,0
Neri,0
wetwhy,0
knewall,0
itright,0
alongwal,0
BACONF,0
everlastingly,0
Wytheburn,0
staggerin,0
Liebeston,0
peppy,0
princedoms,0
installed,0
paper,0
weaknessthis,0
schoolhouse,0
trueand,0
cheerfulness,0
saucy,0
bendin,0
tantalizingly,0
criedcried,0
Athwart,0
Fisheries,0
ARTHUR,0
givers,0
rueing,0
Brussels,0
sauce,0
describedas,0
colleague,0
clefts,0
fivetoed,0
Traveller,0
courseI,0
deliberating,0
reciprocally,0
abandond,0
lifetill,0
VIRI,0
idols,0
gatheringwhat,0
barefaced,0
walkeda,0
cameIm,0
füllt,0
Howardpresident,0
wellhad,0
fatalism,0
halfhidden,0
autocracy,0
councilroom,0
prejudicedfor,0
Authority,0
talksuch,0
courser,0
courses,0
BOOKS,0
Albukerwhats,0
Oswald,0
shocking,0
leadcolored,0
chipping,0
Curled,0
begged,0
hostlers,0
campingplaces,0
feller,0
treasonably,0
treasonable,0
12In,0
Lowest,0
4045,0
lipstick,0
4043,0
prickling,0
scoops,0
gunan,0
herRuss,0
philosophyof,0
research,0
determinedcertain,0
commandin,0
Report,0
Hawtreys,0
Outlines,0
partialityD,0
Jewett,0
effata,0
Flecks,0
Stewartll,0
Steeles,0
bedlam,0
Nina,0
citizenof,0
Shepp,0
Nine,0
comprendre,0
appreciatethat,0
Buell,0
Spares,0
jocoseness,0
sacrees,0
crowdmost,0
Panplease,0
porpoise,0
strangeshe,0
ferrys,0
precautionary,0
fastdamn,0
Remains,0
Shadd,0
preservation,0
RECLUSESeveral,0
Sherwins,0
solitariness,0
Remaind,0
amso,0
peaceable,0
stalliona,0
purplegolden,0
Started,0
swipe,0
Cinnamons,0
cleanfaced,0
excitable,0
Giraffe,0
saint,0
grossness,0
essays,0
deferentially,0
peaceably,0
tenderfoot,0
ainsi,0
worriedyouve,0
Bugs,0
cheekbones,0
longpetaled,0
lookthet,0
stifle,0
Goshocking,0
3rdI,0
Hogg,0
dayjust,0
incomprehensiblethat,0
getaway,0
Altheres,0
Hogs,0
dismantling,0
Shiloh,0
tobut,0
massacrewith,0
Speculative,0
McCrae,0
rainsis,0
guarding,0
blond,0
packan,0
independencepoint,0
odors,0
Answer,0
GROUNDS,0
wrongminded,0
Founding,0
fermented,0
contrariness,0
permanence,0
chiefslike,0
believedespite,0
toadies,0
ordoes,0
Coaches,0
recognizing,0
Othello,0
antagonized,0
butterflies,0
abouthe,0
Albeit,0
singles,0
SLUMBER,0
understandA,0
utilitarians,0
1300000,0
understandI,0
singled,0
understands,0
muleteer,0
seize,0
Dainties,0
discomforts,0
disembarkation,0
cultivating,0
seizt,0
artem,0
fillettes,0
Indirect,0
pipes,0
wording,0
unimportance,0
Consumption,0
exterminate,0
blended,0
eschew,0
emoluments,0
glowshone,0
herselfone,0
Empereur,0
Behold,0
overwhelmed,0
fellowcitizen,0
propertyholder,0
SchillED,0
Bass,0
readwhich,0
payday,0
pilasters,0
Base,0
removable,0
gownfor,0
indifference,0
Bask,0
columns,0
pepperbut,0
Worrys,0
Cookes,0
canyonplodding,0
othersmight,0
adventurers,0
amBill,0
remedy,0
twill,0
Itinerary,0
compass,0
gifts,0
fortunesmy,0
Legions,0
distraction,0
Clarissa,0
worksin,0
sects,0
pleasures,0
partstarted,0
intimatesof,0
horsesmy,0
Surveying,0
steamerchair,0
clawhammer,0
rumored,0
insane,0
Democracypointed,0
319,0
318,0
sageandand,0
convenience,0
313,0
312,0
311,0
310,0
317,0
316,0
reasonsonly,0
314,0
collectively,0
individualities,0
allin,0
Founders,0
allif,0
mountainpeak,0
Perusal,0
goldbound,0
Straightening,0
personification,0
speed,0
Peggy,0
Benyou,0
wintergarden,0
442,0
airVisited,0
dooror,0
Judgin,0
hauteur,0
thrive,0
Sterling,0
palefaceme,0
naïve,0
sheepof,0
447,0
Herveys,0
firedPolly,0
wifebut,0
uninjurd,0
knewloftier,0
condoned,0
impertinentI,0
Fulton,0
Piutehow,0
Tribunes,0
Hammarscar,0
ribbands,0
Nein,0
lawputting,0
Sufferin,0
seriouslythis,0
beatalmost,0
objects,0
Wilde,0
retarded,0
Whenwhen,0
visitationstorm,0
daydreaming,0
Breton,0
Presumption,0
kidneyshaped,0
contaminatedthe,0
aufscheucht,0
Clyde,0
adaptation,0
belt,0
Oxeyed,0
Cary,0
Murderer,0
Carr,0
Cars,0
satire,0
quarterwhence,0
imperfections,0
suburbs,0
proprietor,0
initiation,0
modoque,0
Carl,0
ageas,0
Heroes,0
STONEBRIDGE,0
Card,0
Care,0
kindwhat,0
LANGMAIDS,0
lambing,0
BostonBeacon,0
Rylstones,0
mildness,0
adaptably,0
likethat,0
spectrum,0
herehave,0
adaptable,0
awake,0
pacemaker,0
Harriet,0
crowncover,0
TONGUE,0
loveIve,0
IId,0
presses,0
Chinese,0
Chicagy,0
motivepower,0
Tinny,0
budget,0
RylstoneW,0
overgreat,0
enthusiasmwith,0
desertOak,0
pressed,0
Dreaming,0
budged,0
Market,0
mitred,0
30,0
agitation,0
binding,0
tarvia,0
contrastGabriel,0
Showered,0
Shields,0
Reining,0
Camdens,0
raiders,0
starlight,0
Norwich,0
befobefo,0
2740,0
2745,0
2747,0
2749,0
longd,0
specimen,0
baseso,0
sanctionand,0
eest,0
faught,0
waslets,0
nickname,0
infamous,0
snowmelted,0
HeadQuarters,0
strikescould,0
passèd,0
Desart,0
looted,0
clasped,0
peoplesomething,0
outlawhunting,0
redandpurple,0
uncouth,0
politely,0
Orphic,0
Wiped,0
curacies,0
salve,0
pinhook,0
destinywhich,0
formulated,0
Marsh,0
Harland,0
Carondelet,0
Marse,0
relaxations,0
Marsa,0
spinners,0
mealbags,0
abstention,0
execution,0
Brandl,0
seyde,0
snowbanks,0
Randlett,0
Wreathes,0
sharpnosed,0
parents,0
SIESTA,0
lurkin,0
Brandt,0
Oo,0
On,0
Ol,0
Welcoming,0
fearedI,0
Oh,0
Of,0
couple,0
affaire,0
emanating,0
Wallachia,0
oneyear,0
handkerchiefs,0
POTOMAC,0
him10His,0
ruefullyThose,0
Buzz,0
VAGABOND,0
Ou,0
unwearied,0
Os,0
Or,0
BEFORE,0
OO,0
ON,0
Locke,0
OK,0
OH,0
OF,0
Show,0
sheAllie,0
chorus,0
Daffodils,0
sidehold,0
Thoughtfully,0
OS,0
OR,0
crescendo,0
praemiatur,0
Jenkss,0
antiseptics,0
daybreakSkiddaw,0
unsubstantial,0
bounce,0
drinkingtrough,0
dresslike,0
observin,0
greener,0
readingnovels,0
ahere,0
postmastershipsyes,0
gardenparty,0
Ohabout,0
Philadelphe,0
Frank,0
PARTISAN,0
novelty,0
selfcollected,0
Brabant,0
potentate,0
Shanes,0
behave,0
Blomaries,0
Franz,0
sheepkillers,0
LEADER,0
Hells,0
Wyffs,0
consummationand,0
Booted,0
humanityif,0
uncropped,0
respite,0
specialityscience,0
Hello,0
Mountebanks,0
threemile,0
disjointed,0
tilling,0
Dagoes,0
old’,0
scraggly,0
Duveens,0
violethued,0
devilmaycare,0
breasted,0
whatoh,0
selfcontradicting,0
agoFloyd,0
sepulture,0
Pandora,0
disturbingly,0
meknew,0
PLAINS,0
dimlost,0
controversies,0
Siesta,0
Privilege,0
Chugalug,0
ratheryou,0
sightseeing,0
clustering,0
Locarnos,0
offwhen,0
tasting,0
itrather,0
gases,0
IIdont,0
atheists,0
Solesitting,0
Palpable,0
purred,0
forgettinyour,0
yetthe,0
Pershings,0
housekeeper,0
sizedup,0
bluefin,0
Natchez,0
quartermasters,0
Shiverss,0
carping,0
stillest,0
Boswell,0
mountainsteeps,0
Resolution,0
felicitousness,0
morethough,0
inthe,0
Hucker,0
Schlegel,0
Booth,0
Consolidated,0
Mulveys,0
paired,0
Riggsblood,0
soldier’s,0
FLOWERSKIRTED,0
woeand,0
Scotchman,0
awestruck,0
Twine,0
Harvardwith,0
squinted,0
influence,0
haunt,0
cominertial,0
Vauxhall,0
itby,0
duration,0
Twins,0
palisades,0
Richard,0
disremember,0
Unvisited,0
appliedthat,0
intrepid,0
puzzling,0
mountaininclosureW,0
Hollins,0
idleness,0
Noticing,0
Wastes,0
mattock,0
DISTRICT,0
forebode,0
Persae,0
deerhunter,0
revision,0
livings,0
depredations,0
Circumstantial,0
replyYou,0
Deformed,0
perplexitywhen,0
dimplekneed,0
sweetoh,0
unremitted,0
rockbasins,0
suppression,0
Witch,0
withoutand,0
algorithm,0
bridea,0
interdicted,0
crease,0
sickall,0
train,0
Stamford,0
Dawson,0
ordination28,0
livingI,0
unbelieving,0
Rosslyn,0
fourroom,0
authoresses,0
recorded,0
thismean,0
Bolivar,0
takehe,0
Doubt,0
viewbut,0
detectiveI,0
colorsa,0
detectives,0
windowsill,0
glows,0
treatymakin,0
weremakes,0
Scafell,0
itmebbe,0
querieswhich,0
glowd,0
brownred,0
Credes,0
Eite,0
goadings,0
fifteenyearold,0
carelessly,0
Hartshorn,0
Youngling,0
somebut,0
iniquitouslydismissed,0
packhorse,0
decorating,0
minerals,0
judgmentThe,0
yearhe,0
detested,0
hercertainly,0
amanuensis,0
personating,0
BORROWDALE,0
ajtas,0
disheveled,0
roomrent,0
590,0
Didyoukillhim,0
595,0
Winchester,0
596,0
vides,0
songladen,0
terrorstriking,0
unprofitable,0
nighthawk,0
Tassoyes,0
PeterHouse,0
unhumanises,0
dynamics,0
victor,0
Entrance,0
foryour,0
1810A,0
dejection,0
gramagrass,0
1810B,0
waning,0
miserywho,0
yearlin,0
sweaty,0
acquaintedsome,0
Clapsaddles,0
vacantminded,0
flowing,0
make5,0
harassing,0
Coke,0
ibid,0
stiflethis,0
fourpost,0
ballotted,0
musthavemoney,0
barristers,0
squirming,0
Benefactors,0
fifteen,0
onceonly,0
surecould,0
ould,0
mussed,0
obstreperously,0
secretivenessexpressionless,0
praeceps,0
Beverley,0
makes,0
maker,0
Euchre,0
panicked,0
blackblack,0
youPearce,0
cruises,0
pinfoldlike,0
lifecontent,0
wantingand,0
emsome,0
toilpangs,0
selfeulogy,0
milelong,0
Colonies,0
nibbling,0
remarksI,0
Menschheit,0
desiring,0
HEART,0
confidence,0
Presently,0
honourof,0
Housebut,0
Sold,0
Sole,0
batteringrams,0
LIVE,0
Repudiation,0
Methinks,0
assuring,0
Gesta,0
Moulins,0
forewarning,0
catchhang,0
Chatsworth,0
CRUCIBLE,0
CLARENCE,0
stolidly,0
hightowering,0
himMARMADUKE,0
waitingroom,0
roadbeds,0
losin,0
unopposed,0
customer,0
Madam,0
redand,0
besttrained,0
larch,0
joinin,0
Curwen,0
Overland,0
scatter,0
desolateness,0
murmuring,0
floure,0
awayavoid,0
professedly,0
rode,0
saysis,0
sagecovered,0
287301,0
illselected,0
republicthe,0
Bounty,0
rods,0
openedclosed,0
bestAw,0
bolstered,0
devitalized,0
transfix,0
joyance,0
sayhaunted,0
tightrope,0
comedy,0
intelligent,0
clasping,0
gowan,0
GAYLESVILLE,0
Proprietary,0
himsomehow,0
Neckar,0
VENERABLE,0
isassociated,0
chatterin,0
truehow,0
Terrells,0
tusslin,0
Wauchope,0
Ona,0
One,0
Walthats,0
Ony,0
Brahmins,0
Laugh,0
distanceeverything,0
FLASHING,0
aply,0
evolutionary,0
thigh,0
silencesave,0
47Might,0
Fitzgerald,0
grimaces,0
halfhealed,0
MORNINGS,0
prelibation,0
kivas,0
DURING,0
volta,0
Suffices,0
volte,0
goanywhere,0
herselfthrough,0
havevery,0
perplexd,0
equalise,0
firestreaks,0
Isityou,0
accompaniments,0
Brigham,0
choleric,0
perplext,0
Carmichaelfallen,0
physicians,0
prosper,0
Conviction,0
destinythis,0
snaky,0
Register,0
Yearning,0
snake,0
thoughtcould,0
jaguar,0
Works,0
Chipchase,0
lastand,0
terrifiedit,0
wharfs,0
Pittore,0
concave,0
Shearers,0
Maymorning,0
forerunning,0
Kinghow,0
shortage,0
makenow,0
ennemie,0
boarder,0
scorch,0
homogeneous,0
Boarding,0
Molloy,0
muchneeded,0
shrewed,0
tothet,0
verily,0
tother,0
seemedtoo,0
Churchstock2,0
gatepost,0
books,0
Eastways,0
manthat,0
witness,0
mistletoes,0
likings,0
manhoods,0
omnipotent,0
inchthen,0
bookI,0
hoofmark,0
mitrailleuse,0
Wilsonthat,0
Dazedly,0
Shawnees,0
Rim,0
frowns,0
itColonel,0
Shortly,0
unwieldy,0
thatthough,0
purposeby,0
didnicer,0
greedy,0
vixenish,0
convolutions,0
bootmaker,0
Eccl,0
Ecco,0
andMinnie,0
could,0
Gracell,0
spearshaped,0
diningroomto,0
Julians,0
Calvert,0
receding,0
relays,0
Circled,0
spiritsyea,0
takesa,0
Graythwaite,0
FancyED,0
frightfulfrightful,0
barefootecouldnt,0
becomeand,0
IWWs,0
dogmatize,0
threecornered,0
armythats,0
WORKS,0
Jabes,0
onceappropriate,0
craniums,0
perishbut,0
erstwhile,0
Eastern,0
333Ed,0
FancyEd,0
onslaughts,0
clarified,0
physic,0
SchoolEd,0
Easters,0
trifling,0
foretelling,0
interests,0
enforcement,0
Keatss,0
vigorous,0
quarry,0
twoI,0
Dunlaps,0
quarryand,0
Roosevelt,0
thoughtsmostly,0
takes7,0
systemnever,0
smilewhich,0
Ewigkeit,0
worstthe,0
menthat,0
incongruities,0
Harney,0
seemthat,0
twod,0
commandant,0
stoppedshe,0
FLOTSAM,0
maidofhonor,0
chattels,0
arguin,0
saythe,0
commandand,0
twos,0
greenrising,0
false,0
shrinks,0
chivalrous,0
Highlander,0
tonight,0
Secret,0
ESTATES,0
50°,0
throatwhen,0
swiftlyDaggs,0
mountainous,0
Devilish,0
manilla,0
GreasersI,0
highthe,0
canthe,0
midwife,0
200201,0
humanitysuch,0
inconsulti,0
Invisible,0
bullfrogs,0
driversthe,0
FIFTH,0
Antipodes,0
betrayin,0
manor,0
3623,0
ladderand,0
manof,0
cipher,0
pauselong,0
bulgingjawed,0
everlow,0
recompencetheir,0
madfierceall,0
Modo,0
instil,0
palefaced,0
bred,0
measure178,0
shopwindows,0
consorting,0
palefaces,0
bins,0
Father’s,0
undersea,0
brew,0
overrate,0
Maybea,0
book1819,0
disputing,0
dependant,0
varsitys,0
Reliance,0
Cistertian,0
Jenneys,0
rubric,0
Geeint,0
FAIRY,0
downblack,0
moneywas,0
taps,0
trying,0
quickened,0
fructus,0
tippin,0
corduroy,0
Lawsons,0
tape,0
riding,0
GervaisEd,0
preliminaries,0
casesas,0
gnaws,0
undivided,0
DRYDENs,0
Keet,0
limine,0
Keep,0
yellowclay,0
molasses,0
Alcuin,0
sinus,0
wring,0
monkish,0
reliefgratitude,0
keiner,0
Hookey,0
croakin,0
comprising,0
taxes,0
stuff,0
truthgrim,0
taxed,0
bucker,0
Brent,0
unforgettablethe,0
guessing,0
sheetlike,0
cheard,0
pronoun,0
frame,0
framd,0
dabbling,0
elusiveness,0
chears,0
unfamiliarly,0
youthatthat,0
driveran,0
Ritchiehe,0
diedbut,0
dungeon,0
destiny,0
Yanks,0
limberlegged,0
continuethis,0
anchorchain,0
grimfaced,0
Fecundity,0
roiled,0
massivenessand,0
butternut,0
bathhe,0
destine,0
meando,0
eyeholes,0
solike,0
timeno,0
interpolate,0
youloves,0
Lisewas,0
refuting,0
oncea,0
staring,0
mankiller,0
nogood,0
marts,0
Circus,0
greyhaired,0
spring67,0
heartwhile,0
Roscius,0
exalting,0
onceI,0
brothersfly,0
casuists,0
Secresy,0
tripEd,0
Pedlarism,0
Ledges,0
isthet,0
thetafter,0
indict,0
truetrue,0
pineclad,0
Meadows,0
arrangedWhen,0
accidenthad,0
Steeland,0
mailman,0
balloonists,0
midland,0
mantracks,0
mensomethin,0
attainder,0
queer,0
Macartney,0
entitle,0
movea,0
feather,0
Whipping,0
Jailer,0
selfabnegationrepressionfalling,0
lappers,0
sidessome,0
fieldglass,0
coherence,0
thisLees,0
likebut,0
hateful,0
MARKS,0
estatethese,0
altruism,0
reconquered,0
banish,0
TremaineRuth,0
reminiscently,0
sourly,0
horserace,0
Bethlehem,0
ventre,0
Virginians,0
gotnot,0
DredScottite,0
westerly,0
Yazoo,0
tickled,0
gamean,0
God224,0
southhow,0
Chess,0
Thatafter,0
EYE,0
editionbecause,0
impervious,0
tattoo,0
ostentatious,0
mudhole,0
exhausting,0
knowhere,0
semiprotectorate,0
roar,0
Tireless,0
cobwebbed,0
Regular,0
painstaking,0
1802While,0
offsure,0
pickin,0
Wallacewho,0
evolvedapparently,0
Ruenkes,0
mainmast,0
twoday,0
CINTRA,0
himselfwhat,0
unimaginable,0
Decked,0
ofI,0
null,0
diplomatically,0
declareIm,0
Manwould,0
HartsHorn,0
Clapsaddle,0
schoolhe,0
ofa,0
off,0
contentionany,0
spiritualising,0
clergymanbut,0
tempeststricken,0
Boatmans,0
Occurrences,0
oft,0
diphtheria,0
eradicate,0
windowless,0
courtroom,0
reefs,0
youOh,0
roundheaded,0
newest,0
mansGods,0
obscenity,0
Joys,0
Glickhican,0
sword35,0
rapteyed,0
glasshers,0
thither,0
noticeablethat,0
Andso,0
justicethe,0
watchtowers,0
superfluities,0
herbring,0
wasrehabilitated,0
herdsman,0
crack,0
practisd,0
practise,0
loudand,0
moan60,0
Lebe,0
hastilie,0
Eyres,0
stooped,0
crux,0
tiesthen,0
mathematics,0
atrophy,0
IsIs,0
lOuest,0
Somebodyll,0
debatable,0
othershonest,0
burgomasters,0
REDBROOKS,0
armswhen,0
phwot,0
bulge,0
ransomed,0
comband,0
Lewthwaite,0
wagontrain,0
Agents,0
become,0
liebt,0
decisivea,0
wildthe,0
BARON,0
yourswhat,0
underwent,0
todaydeliberately,0
Glowing,0
wagonettes,0
spiritunconquerable,0
wishedfor,0
brindle,0
hissing,0
Bolshevists,0
Belvidere,0
recognition,0
exaltedwith,0
Warrior,0
Caldwelldue,0
wadna,0
dearwhere,0
thoughtdisturber,0
farewells,0
asthma,0
passion,0
Minarets,0
saucepan,0
harvestfield,0
awakewhen,0
Parian,0
barearmed,0
bothtrying,0
grasscutter,0
Lament,0
Precursor,0
manto,0
pencilWas,0
Utopia,0
andsometimes,0
presentlyto,0
posterity,0
imaginary,0
inspiredand,0
selfseekingand,0
reappended,0
audiencesa,0
grayer,0
surprisedterribly,0
langes,0
ELIPHALET,0
useth,0
thingwhat,0
blackness,0
curative,0
materializing,0
steamwinch,0
daughtersay,0
swimming,0
cultivates,0
Voyage,0
railrud,0
WYLIE,0
letters,0
pianothough,0
unfavourable,0
Somewhere,0
Caesars,0
stratification,0
allhis,0
vituperate,0
YudamnedIsbel,0
backnever,0
cultivated,0
unfavourably,0
terminated,0
Flanking,0
Notch,0
glistened,0
splintered,0
pairing,0
peters,0
EDITION,0
LeithThe,0
terminates,0
Billings,0
boatTheres,0
Flagstaffacross,0
letterI,0
pistolbutt,0
mourned,0
unheated,0
moonstruck,0
littleplease,0
imminenta,0
Hhow,0
possiamo,0
counterspirit,0
Crusoe,0
crossexamination,0
cragsgreat,0
1811Published,0
buildingsthere,0
aweinspiring,0
tossed,0
wretchedly,0
evident,0
beforeonce,0
shrunk,0
chords,0
roam,0
excitement,0
tosses,0
documentin,0
usSt,0
spreadeagle,0
Loike,0
problem,0
toning,0
whencesoeer,0
Argonne,0
SIMPLICITY,0
dhérésie,0
Pacificand,0
WRITTEN,0
Wherewith,0
Kotoxen,0
womanto,0
cedarsloped,0
warand,0
serviceDuane,0
Presbrey,0
nonetheless,0
Somers,0
BELOVÈD,0
saviour,0
details,0
MCCCXXV,0
hoofed,0
rebelled,0
herselfthese,0
Peers,0
PrescottEphraim,0
includedmight,0
casque,0
outlets,0
backthe,0
crosscut,0
plannin,0
U,0
Praise,0
hotheaded,0
Michaels,0
seraphic,0
laude,0
exposure,0
Alphonses,0
Corps,0
mechante,0
nothat,0
Consorting,0
surplice,0
Elwood,0
compete,0
dandles,0
illsounding,0
nothad,0
mebbeyou,0
Serviceto,0
clamoring,0
magnetic,0
Kensington,0
huffy,0
tenuous,0
Edifices,0
integrity,0
Bigots,0
girlwithout,0
swappin,0
periodicals,0
unsteadiness,0
messenger,0
tyrannies,0
andowing,0
worth,0
Vandeput,0
alternating,0
adverting,0
stud,0
perishable,0
aurora,0
merchantmen,0
Taller,0
CURRENT,0
cutharvestedthats,0
blustery,0
summarized,0
contrarily,0
Denkungsart,0
shelion,0
flynot,0
lovedto,0
wheelings,0
progression,0
gasmasks,0
Involve,0
melodysave,0
Imarank,0
littlepanther,0
disproofs,0
Illbequiet,0
Jing,0
uniformis,0
Vulgar,0
machinea,0
sabbath,0
depraved,0
Himmay,0
Boats,0
Clevell,0
Troubled,0
Shrill,0
machines,0
Salle,0
lessn,0
Schmidt,0
freezin,0
offshoots,0
Whirling,0
appositely,0
Blowick,0
uproarious,0
ErSenatorwhen,0
Sally,0
growththese,0
menage,0
PARIS,0
graythe,0
needntmurder,0
richest,0
redcross,0
metaphorically,0
struggleabout,0
Algonquin,0
ploughed,0
Marshal,0
referring,0
bornwhat,0
eaglebark,0
195209,0
walksespecially,0
195206,0
195200,0
mudcrusted,0
Bumpuses,0
Artizans,0
infráquo,0
Kingmeant,0
Absolute,0
vapory,0
pommelling,0
SeventeenthStreet,0
vapors,0
eattoo,0
happensdont,0
gohoney,0
blueandwhite,0
Gravoissat,0
wiseacre,0
Raymonds,0
18001815,0
BRIGADE,0
hawthornscented,0
devastation,0
outsourced,0
sweater,0
motiontwo,0
everhere,0
administering,0
theythey,0
wiremuscled,0
exacts,0
toolsmany,0
goodLords,0
DENUDED,0
solicit,0
plenitude,0
Extracts,0
ascribe,0
chancegathered,0
gographie,0
championships,0
inshoot,0
adamant,0
erI,0
Claudes,0
thrivingwould,0
Charlestown,0
NealehadAllie,0
err,0
goodnot,0
timesyour,0
Steele,0
youwasnt,0
daysplaying,0
selfdissatisfaction,0
Tempestuous,0
ere,0
era,0
elbow,0
ern,0
EVER,0
boxand,0
washroom,0
smileHodder,0
quivering,0
Fitfully,0
Prussiaevery,0
Jimand,0
Abp,0
Twoyearold,0
uncomprehendingly,0
anybodys,0
DESIRE,0
impassive,0
confidential,0
carriers,0
particularize,0
nuts,0
tackleto,0
Contemporains,0
march,0
shakin,0
Poulsson,0
aason,0
ejaculations,0
sweetnessher,0
bares,0
haveBut,0
ladder,0
eveningjust,0
Griggs,0
pungy,0
bared,0
fastwaning,0
yougot,0
tightpressed,0
greediness,0
purchasablethat,0
kuôn,0
Farrell,0
Joanroused,0
Cabildo,0
clotheswhy,0
anybodyd,0
purging,0
CALL,0
CALM,0
voicehad,0
wouldst,0
prickings,0
gumption,0
Holdernessthen,0
beganwith,0
needlematted,0
coontrails,0
ELLEN,0
ancients,0
slimmer,0
coiling,0
impiety4,0
emselves,0
ambuscades,0
defrauded,0
Singeth,0
SkullandBones,0
handMr,0
Oxfordshire,0
production,0
understated,0
respirations,0
Jonesboro,0
womenyes,0
Ditto,0
upin,0
armsupporters,0
upif,0
Riptons,0
Ditty,0
Arbustisque,0
provincials,0
livesthe,0
upis,0
awaySouth,0
eyestears,0
scallopbacked,0
reasonably,0
darnick,0
shoutBB,0
thanksIm,0
reasonable,0
varmint,0
feeds,0
niecewholl,0
Contested,0
cruised,0
dumping,0
redembered,0
apotheosis,0
Spragues,0
Confronting,0
therethatll,0
Bothwell,0
Pinacate,0
inadvertently,0
Aubrey,0
newyears,0
ruggedly,0
freeandeasy,0
deesh,0
Sulkin,0
namesall,0
forcible,0
blackhaired,0
barrier,0
ShootingW,0
unweaponed,0
expressman,0
mulled,0
disputes,0
forcibly,0
expressedthat,0
enlightened,0
mullet,0
andmost,0
drench,0
baseman,0
Ugh,0
Parade,0
Anglaias,0
maniac,0
Peerage,0
thunderheads,0
raisin,0
stilland,0
sprig,0
Prescottand,0
homeMr,0
Poictiers,0
clouding,0
stripling,0
railroads,0
immolation,0
Januarywithout,0
another,0
implicated,0
componere,0
kittenlike,0
alcoves,0
illustrate,0
havenot,0
tossers,0
seduction,0
Fugitive,0
doga,0
slavemy,0
Husby,0
regrowin,0
dogs,0
famishing,0
incitements,0
Pike,0
raftsmans,0
Rare,0
offhand,0
Pogie,0
SaintGres,0
PEDESTRIAN,0
enmeshed,0
clarionets,0
CLIMB,0
Sovozza,0
ambitionit,0
Slickest,0
guild,0
guile,0
balladsingers,0
sometimesIm,0
pedigrees,0
guilt,0
Bassigny,0
historical,0
communing,0
subjectB,0
torturesbut,0
enchanter,0
respecting,0
certainlythe,0
ironcut,0
enchanted,0
sportsmen,0
refreshingly,0
subjectW,0
impelled,0
woodworkers,0
contents,0
subjecta,0
togither,0
contentI,0
findif,0
Utensils,0
conjecturally,0
convenient,0
Cincinnatus,0
subjects,0
thundering,0
pilgrimage,0
deserteagle,0
notHere,0
Cagliostro,0
Qs,0
Splits,0
Button,0
Resolving,0
troughs,0
cleanlinened,0
immediacy,0
perforce,0
stronglunged,0
indorsements,0
QQ,0
Twelve,0
EVENING,0
nostrils,0
fullstoried,0
DICK,0
swamp,0
Chauntry,0
aunt,0
Cooleys,0
repudiation,0
reservd,0
reserve,0
DELIVERED,0
maybeIll,0
carrosserie,0
dearness,0
communityGeorge,0
lightwove,0
lasss,0
authorand,0
stonelined,0
PROPHECY,0
countrymenNothing,0
nascitur,0
Photographs,0
witnesses,0
35°,0
cliffall,0
facades,0
guncartridges,0
industriously,0
punily,0
spikersa,0
laughedeven,0
Dickthen,0
Awed,0
mêlée,0
COLORADO,0
Sass,0
belaboured,0
hangings,0
emI,0
tracery,0
hosshair,0
Fahrt,0
haunted,0
roundabout,0
runI,0
runs,0
domesticity,0
ema,0
runt,0
greenwide,0
halfdisgusted,0
gears,0
rung,0
Psychical,0
insurgents,0
freshwater,0
unmistakably,0
Clifford,0
smoldered,0
Jackson,0
reread,0
parishioner,0
rivulet,0
plumage,0
splotches,0
torrents,0
semiserious,0
Blinnall,0
fogies,0
Washita,0
progenies,0
pasted,0
Horror,0
transcendentalism,0
Fifteenth,0
brandish,0
AEd,0
cooperation,0
drawn,0
drawl,0
encounters,0
saylabor,0
Domingo,0
Resides,0
Goodbyemaybe,0
disorganize,0
handful,0
shepanther,0
swampblackbird,0
where’er,0
McCords,0
kitchen,0
Whatnow,0
essentially,0
psychologists,0
han,0
Lenoreits,0
itprobably,0
sayno,0
Bring,0
laughtermerry,0
Eighteen,0
rockribs,0
loadstar,0
Worldlings,0
Dawn,0
householder,0
emporium,0
tone,0
pavementfigures,0
haltingly,0
groundswork,0
expectedshe,0
tono,0
hae,0
anticipatory,0
tons,0
Bessdid,0
stuntlike,0
watercolour,0
infirm,0
tony,0
hag,0
companionway,0
gratitude,0
swingmiles,0
hollowblustering,0
backwardness,0
epopaea,0
Wheys,0
mindperhaps,0
Transient,0
rememberfrom,0
Corbet,0
Saintsfarewell,0
BEEPS,0
senseits,0
Auchinclossthe,0
ChaserView,0
AUBREY,0
ballotto,0
excite,0
Elections,0
psychically,0
hap,0
killthe,0
Ofof,0
AllieNeales,0
Stewartsaid,0
Maderos,0
sculps,0
ahead,0
reciprocal,0
superciliously,0
warbler,0
warbles,0
itaccepted,0
rattlers,0
maîtresse,0
thrash,0
youmauling,0
impolicyof,0
beetles,0
anaemiclooking,0
Masses,0
marksmanship,0
setin,0
dizzy,0
dangerin,0
Massed,0
Aliveperdition,0
oldermore,0
bilious,0
MisunderstoodI,0
istam,0
imbued,0
greenchoked,0
dewdrenched,0
PROVIDENCE,0
subserviate,0
steelly,0
familyDave,0
confection,0
monotonies,0
acceleration,0
fust,0
fuss,0
crockery,0
fuse,0
yearEd,0
selfless,0
bravelike,0
sorrymaybe,0
newfangled,0
barnsounds,0
Chapelbell,0
whereby,0
barnball,0
humble,0
wereto,0
rockhe,0
skillful,0
client,0
Getup,0
yearED,0
humbly,0
sullenly,0
ghostdance,0
Portland,0
drunkit,0
Doubtless,0
bereave,0
goodsuch,0
daguerreotypes,0
Duff,0
sometimesthere,0
Gleam,0
howhow,0
VIATOR,0
rebuffand,0
Lorenzo,0
thanks,0
governmentwould,0
equalsof,0
extol,0
usque,0
hardening,0
reachedbut,0
infelicitously,0
Eighty,0
1836is,0
reckonin,0
bayonetwork,0
downfalland,0
horsesthat,0
unhobbled,0
cowhand,0
alimony,0
hasforgotten,0
openings,0
laconically,0
Eighth,0
Youllkill,0
sleuthing,0
nighA,0
blazingeyed,0
changesremoving,0
Colour,0
Germandie,0
minearent,0
Winn,0
Sshow,0
Jansen,0
towhead,0
Wing,0
Einsiedlen,0
Wine,0
eroded,0
rustle,0
tendered,0
Traitor,0
Siberia,0
erodes,0
night,0
revisiting,0
freshend,0
Hardmans,0
jobto,0
mazes,0
generousso,0
Varro,0
PAIN,0
partridges,0
Steamboat,0
believeIll,0
caliper,0
Fellars,0
getsh,0
Commission,0
twentyyearold,0
contaminating,0
selfperformances,0
ungracious,0
DEDICATED,0
snuffin,0
benevolenceselfishness,0
Oldtimer,0
booklarnin,0
schole,0
stedfastly,0
sixI,0
worldnot,0
dolce,0
dolci,0
deferential,0
Guss,0
secondsseventeeneighteen,0
Kidstow,0
architectural,0
selva,0
treesall,0
McAndrew,0
Fox42,0
northno,0
gentler,0
gentles,0
unconsolable,0
Dragging,0
HellBent,0
7546,0
Priory,0
tableor,0
YMCA,0
synagogues,0
Priors,0
beneficial,0
curios,0
candlesticks,0
rendering,0
Incarnationthe,0
Richfield,0
Canyons,0
sovereign,0
oddsa,0
Hereupon,0
thing13,0
Ceni,0
spinnin,0
dayabsurd,0
Blast,0
proselyters,0
overjoyed,0
firelight,0
recordfor,0
McChesney,0
reliques,0
houseevils,0
answeredshe,0
sailboats,0
themgrasped,0
surewho,0
isit,0
isis,0
osnabrig,0
Searchable,0
crows,0
selfconfidenceselfassurance,0
isif,0
heartstrings,0
franknessthat,0
isin,0
latelyshe,0
knowCaldwell,0
belyve,0
Jessie,0
pigpensGlenn,0
allday,0
goodnaturedly,0
Some,0
tenour,0
xiiv,0
cockets,0
monotonewhich,0
intertexture,0
Summons,0
handbell,0
constriction,0
Scenery,0
fasterit,0
abridged,0
surehitting,0
Caledonian,0
intothe,0
desireto,0
evasive,0
test,0
gipsyfolk,0
tonguelashin,0
Consistence,0
preachersbefore,0
Strong,0
coarsestocked,0
deposing,0
waterpower,0
faze,0
Prestons,0
Onmia,0
songa,0
alonethe,0
campingsite,0
banquets,0
Keller,0
concords,0
sujet,0
songs,0
lanternjawed,0
OhAmerica,0
sincewell,0
LakesAuthors,0
bunkhouse,0
valets,0
silverware,0
horseback,0
firelocks,0
Republic,0
Géneral,0
battle,0
Poperyor,0
Memoir,0
tenable,0
soothed,0
varnish,0
adorn,0
Intend,0
stoneabbot,0
Pelegs,0
behappyknowingyoure,0
Aders,0
aristocratic,0
Delphine,0
Intent,0
soothes,0
FRANCESCO,0
peoplewho,0
quilts,0
extols,0
alane,0
LARKIN,0
thoughtif,0
Festiniog,0
intertwisted,0
huger,0
homefrom,0
industrialism,0
sittingrooms,0
Jimkiss,0
diminishd,0
Accuracy,0
turns,0
gun,0
gum,0
nowall,0
Indianbred,0
battleshould,0
gut,0
guy,0
turnd,0
PLAINSMEN,0
RoseTree,0
floods1105,0
righting,0
Tucking,0
superrefined,0
weddintrips,0
goodgaited,0
Astride,0
forging,0
Fork,0
ouvrage,0
heaviness,0
steelybright,0
43b,0
foregoing,0
shares,0
Ford,0
tidiest,0
shared,0
seqq,0
sharea,0
alertness,0
Fort,0
doneIm,0
commercialromantic,0
sociably,0
knickknacks,0
doneId,0
Attached,0
peoplefrom,0
thingsand,0
English,0
tousledheaded,0
Mousquetaires,0
teaches,0
teacher,0
sociable,0
sending,0
Juvenile,0
Portugal,0
plotter,0
Mabels,0
WhyMr,0
screamin,0
consciousnesses,0
burdensome,0
MONTANA,0
438,0
439,0
lastie,0
437,0
434,0
435,0
432,0
433,0
430,0
mellowed,0
herapparently,0
regardless,0
Commercesure,0
extra,0
appear157,0
uphill,0
hightop,0
happywhen,0
puffed,0
do19,0
unappeasable,0
Isaac,0
quenching,0
seadeep,0
extry,0
goingdownhill,0
ideathis,0
Felt,0
Fels,0
soulsatisfying,0
1861that,0
spoilin,0
coalesce,0
raisein,0
Fell,0
Idols,0
rainfall,0
Imin,0
analogical,0
stagedmy,0
DIAMOND,0
Deger,0
fumbled,0
valuablesan,0
16191690Ed,0
defeats,0
awfullness,0
motorbusses,0
Daveed,0
woefully,0
PlainVIII,0
Carnforth,0
stormily,0
Clough,0
gales,0
chip,0
Contains,0
deerhow,0
chit,0
significances,0
lawlessthat,0
chin,0
ERA,0
chic,0
chid,0
sympathyIn,0
facelook,0
faintthis,0
discussion,0
spreads,0
benched,0
youjest,0
madShe,0
varnished,0
Rebel,0
conceitmaking,0
deteriorate,0
armies,0
beingacting,0
18826,0
peerless,0
Elaborate,0
Clifforddid,0
Player,0
32126,0
drastic,0
gangto,0
habilament,0
threshingmachine,0
quod,0
grandson,0
HUDSON,0
motherlonging,0
‘Sweet,0
whiningly,0
beehive,0
littlecame,0
HANDS,0
Ship,0
conquests,0
actionthe,0
trumpetback,0
home’,0
Shurd,0
barnyard,0
FRYE,0
silverplated,0
Jar,0
bottledlightning,0
Jap,0
Jan,0
brain,0
stile,0
Jam,0
tablets,0
ratified,0
Jai,0
buttin,0
brutewhen,0
still,0
Adios,0
Dolan,0
Krebss,0
terribleso,0
secretpart,0
Margieall,0
lyin,0
Navvycome,0
exaltationor,0
correspondence,0
Brents,0
Confound,0
whiteman,0
slowLord,0
deine,0
Reposed,0
galloping,0
Zeke,0
Whatll,0
inversion,0
placate,0
failureyou,0
drop,0
Aaron,0
Ffit,0
whatelse,0
increaseth,0
pommel,0
Thro,0
seamanship,0
grouse,0
challenged,0
Museum,0
stooping,0
sayWe,0
himdivorce,0
challenges,0
challenger,0
yeas,0
year,0
hymns,0
Dragons,0
WellsFargo,0
Norwegian,0
artthat,0
Connected,0
temporizing,0
laborhow,0
pseudoclassic,0
Tariff,0
Fleshers,0
happenedone,0
croakyou,0
Isbelnor,0
Fragmentary,0
opinionto,0
Nighttime,0
gaffs,0
excelsior,0
dependencies,0
advantages,0
derreur,0
unashamed,0
gaffa,0
appealingly,0
Fragrant,0
tangles,0
contemplation,0
fa,0
transition,0
Erin,0
person,0
tangled,0
Ironic,0
outcry,0
Erie,0
altitude,0
trigonometrical,0
Purr,0
hotelstragedies,0
caldron,0
Historian,0
flipping,0
ridingcostume,0
Pure,0
Medicine,0
tomorrow,0
thereluxury,0
libidinous,0
caught,0
choseabout,0
FANCY,0
horsetrader,0
dunces,0
rangeas,0
Ruthin,0
promulgate,0
fleshly,0
uninformed,0
brains,0
sickliness,0
halfamused,0
PLUGGER,0
Nondescript,0
Nodont,0
professionals,0
whisperif,0
endureand,0
transferred,0
discernment,0
Raddys,0
apples,0
extinguish,0
Settlement,0
pumps,0
themmost,0
Tensely,0
Cappy,0
enhanced,0
stumplined,0
andalmost,0
desolatam,0
Daleall,0
Areopayite,0
leftJones,0
greenand,0
DadJorth,0
Israelite,0
snorting,0
15960,0
Jorthan,0
OLDRING,0
caredwomen,0
scarfaced,0
shallows,0
PARDNEALE,0
stillcrazy,0
authorising,0
womenjest,0
closeattending,0
triedjust,0
Vestas,0
RuthShefford,0
Talehas,0
importantly,0
Akin,0
fragranceof,0
Shivington,0
wildwood,0
implications,0
doneno,0
perfumed,0
Coupee,0
Blount,0
Wed,0
Character,0
roundups,0
Wel,0
Wer,0
Panguitch,0
solaceknowing,0
battleflag,0
beseems,0
paradoxesChiltern,0
mesuch,0
sheepdogs,0
Woman,0
beheldand,0
8500l,0
Timidity,0
starlike,0
WeI,0
embittered,0
Boldts,0
preternatural,0
enriched,0
Goruin,0
Fishers,0
respectable,0
whilea,0
subjectsome,0
finicky,0
WORDSWORTH94,0
whiled,0
uncomely,0
recallin,0
suchwas,0
wardens,0
scaleless,0
tufteared,0
Highnesss,0
stroll,0
TOWN,0
Reformersto,0
bifurcation,0
irritant,0
Intellectual,0
seena,0
carloads,0
baits,0
seene,0
Household,0
hoed,0
burst,0
presentiments,0
desertred,0
Mickle,0
lightminded,0
anchored,0
Blight,0
Whereve,0
Savenay,0
hoes,0
springflowers,0
honeydew,0
respecter,0
colourd,0
materials,0
colours,0
anywhereone,0
RobespierreI,0
centreand,0
Members,0
complications,0
Electrics,0
westbound,0
Taliaferro,0
childhoodthat,0
intonations,0
bigdam,0
Tavern,0
pesos,0
channelwhich,0
hurts,0
marriageable,0
broil,0
audiencefor,0
stouter,0
leftbrought,0
timesame,0
wellbalanced,0
downtrodden,0
daycar,0
WIND,0
MuvverJane,0
despond,0
madness,0
womanliness,0
200ED,0
foreboding,0
inexplicable,0
hussies,0
nightkept,0
exploit,0
cattleraid,0
biographer,0
Entered,0
selfrespectwhen,0
sledding,0
brats,0
muzzling,0
noyounger,0
Pain,0
lioness,0
gardensand,0
managin,0
Paid,0
tropical,0
Paix,0
overjoy,0
dictator,0
littleand,0
Pair,0
Goodby,0
Westperhaps,0
astonish,0
aggressions,0
aera,0
monsieur,0
thingsdont,0
Involved,0
fours,0
indeeda,0
exclaim,0
Mithras,0
vagueness,0
Silvertipll,0
Necessitated,0
Crater,0
cedartree,0
aery,0
Threequarters,0
coquetry,0
freebooters,0
Greenin,0
enoughtaint,0
forestland,0
comeor,0
waternever,0
Talewas,0
Performed,0
starstudded,0
biped,0
outgoin,0
Oohs,0
nevernever,0
7think,0
decidedyet,0
Erwhy,0
knowfor,0
selfcommitment,0
Principality,0
Killigrew,0
Better,0
Verdunon,0
spells,0
Unwilling,0
grasscovered,0
Worthingtonor,0
Israel,0
develop,0
cedarsthese,0
hernothing,0
abashedashamed,0
yearwho,0
Francewhile,0
food,0
gobble,0
powerthough,0
huntsmans,0
Quicksandsshe,0
Publicly,0
Justly,0
squatted,0
instigations,0
surlily,0
groomall,0
societyan,0
unasked,0
swallow,0
sideslap,0
transactionsand,0
fortnights,0
irresistable,0
bagpipes,0
Caverns,0
Terence,0
greatgrandmothers,0
demean,0
hillDorothy,0
Statesmenmen,0
surethat,0
JOHNNYWATER,0
horsescommingling,0
bothshe,0
Service,0
animalswas,0
soulbut,0
shepherdqueen,0
Pump,0
growled,0
maternity,0
greetings,0
foamspecked,0
philosophyembodied,0
harmonyrhythm,0
Marriagefeast,0
hunner,0
greenandblack,0
PERHAPS,0
10810,0
felicities,0
continuedyell,0
Manuscripts,0
disproportionate,0
propped,0
softpadded,0
exult,0
Deathwinds,0
springhouse,0
himselffifty,0
Amasas,0
earnest,0
herintruding,0
Luxembourg,0
WEBSTER,0
Elegantly,0
superficialities,0
doyoure,0
headpiece,0
eightpound,0
fortune,0
heightened,0
Regulars,0
herincredible,0
sloopofwar,0
conducts,0
Greyhound,0
roomopen,0
papoose,0
circumcise,0
annually,0
yearnings,0
unspoiled,0
Gerpräche,0
railwaymanager,0
veering,0
output,0
mineall,0
